n,rep,timestamp,donde,itamita,palabras,quien,dondeItam,edad,carrera,sexo,estado,partido,cuanto,w1raw,w2raw,w3raw,w1,eval,w2,w3
1,1,8/31/2017 10:19:20,En l칤nea (solo),s칤,Rendici칩n de cuentas,"Diputados Federales, Diputados Locales, Alcaldes",,22,Ciencia Pol칤tica,Masculino,Edomex ,MORENA,3,Rendici칩n de cuentas,,,rendici칩n de cuentas ,pos,,
2,1,8/31/2017 10:20:51,En l칤nea (solo),s칤,reelecci칩n legislativa,"Diputados Federales, Senadores, Diputados Locales",,23,Ciencia Pol칤tica,Femenino,CDMX,PAN,,reelecci칩n legislativa,,,legislativo,-,,
3,1,8/31/2017 10:21:13,En l칤nea (solo),s칤,Reforma pol칤tica 2014,"Diputados Federales, Senadores, Diputados Locales",Plaza roja,23,Derecho,Femenino,Cdmx,Ninguno,5,Reforma pol칤tica 2014,,,reforma pol칤tica,-,,
4,1,8/31/2017 10:23:05,En l칤nea (solo),s칤,Volver a gobernar,"Diputados Federales, Senadores, Diputados Locales, Alcaldes",Plaza roja,21,Ciencia Pol칤tica,Masculino,Estado de M칠xico,Ninguno,,Volver a gobernar,,,volver,-,,
5,1,8/31/2017 10:23:22,En l칤nea (solo),s칤,Bueno capaz eficiente ,"Diputados Federales, Diputados Locales",Plaza roja ,21,Derecho,Femenino,Ciudad de M칠xico ,Ninguno,,Bueno,capaz,eficiente,bien,pos,,
5,2,8/31/2017 10:23:22,En l칤nea (solo),s칤,Bueno capaz eficiente ,"Diputados Federales, Diputados Locales",Plaza roja ,21,Derecho,Femenino,Ciudad de M칠xico ,Ninguno,,Bueno,capaz,eficiente,capaz,pos,,
5,3,8/31/2017 10:23:22,En l칤nea (solo),s칤,Bueno capaz eficiente ,"Diputados Federales, Diputados Locales",Plaza roja ,21,Derecho,Femenino,Ciudad de M칠xico ,Ninguno,,Bueno,capaz,eficiente,eficiente,pos,,
6,1,8/31/2017 10:23:26,En l칤nea (solo),s칤,Porfirio D칤az ,"Diputados Federales, Senadores, Diputados Locales, Alcaldes",En econom칤a-ITAM-,18,Ciencia Pol칤tica,Masculino,CDMX ,Ninguno,,Porfirio D칤az ,,,Porfirio D칤az,neg,,
7,1,8/31/2017 10:23:28,En l칤nea (solo),s칤,Porfirio Diaz,"Diputados Federales, Diputados Locales",Mi casa ,22,Direcci칩n Financiera,Masculino,Michoacan,PAN,3,Porfirio Diaz,,,Porfirio D칤az,neg,,
8,1,8/31/2017 10:24:21,En l칤nea (solo),s칤,Revoluci칩n Mexicana,"Diputados Federales, Senadores, Diputados Locales, Alcaldes",Eco ,18,Ciencia Pol칤tica,Masculino,CDMX,PAN,3,Revoluci칩n Mexicana,,,Revoluci칩n,neg,,
9,1,8/31/2017 10:24:48,En l칤nea (solo),s칤,Revoluci칩n Democracia accountability ,"Diputados Federales, Senadores, Diputados Locales, Alcaldes",Plaza Roja,22,Ciencia Pol칤tica,Masculino,Estado de M칠xico ,MORENA,4,Revoluci칩n,Democracia,accountability ,Revoluci칩n,neg,,
9,2,8/31/2017 10:24:48,En l칤nea (solo),s칤,Revoluci칩n Democracia accountability ,"Diputados Federales, Senadores, Diputados Locales, Alcaldes",Plaza Roja,22,Ciencia Pol칤tica,Masculino,Estado de M칠xico ,MORENA,4,Revoluci칩n,Democracia,accountability ,democracia,pos,,
9,3,8/31/2017 10:24:48,En l칤nea (solo),s칤,Revoluci칩n Democracia accountability ,"Diputados Federales, Senadores, Diputados Locales, Alcaldes",Plaza Roja,22,Ciencia Pol칤tica,Masculino,Estado de M칠xico ,MORENA,4,Revoluci칩n,Democracia,accountability ,rendici칩n de cuentas ,pos,,
10,1,8/31/2017 10:24:58,En l칤nea (solo),s칤,poder democracia,"Diputados Federales, Diputados Locales",no,21,Ciencia Pol칤tica,Femenino,Guanajuato,Ninguno,,poder,democracia,,poder,-,,
10,2,8/31/2017 10:24:58,En l칤nea (solo),s칤,poder democracia,"Diputados Federales, Diputados Locales",no,21,Ciencia Pol칤tica,Femenino,Guanajuato,Ninguno,,poder,democracia,,democracia,pos,,
11,1,8/31/2017 10:25:16,Con encuestador,s칤,No en Mexico,Diputados Locales,Centro computo,21,Contadur칤a,Masculino,CDMX,PAN,2,No en Mexico,,,jam치s/춰NO!/no por favor,neg,,
12,1,8/31/2017 10:25:49,Con encuestador,s칤,Il칩gico indecisi칩n ,Ninguno,Plaza roja,19,Administraci칩n de Empresas,Femenino,Cdmx,PAN,2,Il칩gico,indecisi칩n ,,il칩gico,neg,,
12,2,8/31/2017 10:25:49,Con encuestador,s칤,Il칩gico indecisi칩n ,Ninguno,Plaza roja,19,Administraci칩n de Empresas,Femenino,Cdmx,PAN,2,Il칩gico,indecisi칩n ,,indecisi칩n ,neg,,
13,1,8/31/2017 10:26:44,Con encuestador,s칤,Sufragio Efectivo ,Ninguno,Plaza Roja,20,"Derecho, Econom칤a",Masculino,CDMX,PRI,5,Sufragio Efectivo ,,,sufragio efectivo,pos,,
14,1,8/31/2017 10:27:12,Con encuestador,s칤,No factible,Alcaldes,Ba침o,19,Direcci칩n Financiera,Masculino,CDMX,PRI,3,No factible,,,jam치s/춰NO!/no por favor,neg,,
15,1,8/31/2017 10:28:46,En l칤nea (solo),s칤,Privilegio Perpetuaci칩n Historia,"Diputados Federales, Senadores, Diputados Locales, Alcaldes",Cc,23,Ciencia Pol칤tica,Masculino,CDMX,MORENA,4,Privilegio,Perpetuaci칩n,Historia,privilegio,neg,,
15,2,8/31/2017 10:28:46,En l칤nea (solo),s칤,Privilegio Perpetuaci칩n Historia,"Diputados Federales, Senadores, Diputados Locales, Alcaldes",Cc,23,Ciencia Pol칤tica,Masculino,CDMX,MORENA,4,Privilegio,Perpetuaci칩n,Historia,perpetuidad,neg,,
15,3,8/31/2017 10:28:46,En l칤nea (solo),s칤,Privilegio Perpetuaci칩n Historia,"Diputados Federales, Senadores, Diputados Locales, Alcaldes",Cc,23,Ciencia Pol칤tica,Masculino,CDMX,MORENA,4,Privilegio,Perpetuaci칩n,Historia,historia,neg,,
16,1,8/31/2017 10:30:00,Con encuestador,s칤,Diputados sufragio alcaldes,"Diputados Federales, Senadores, Diputados Locales, Alcaldes",CC,22,Ciencia Pol칤tica,Masculino,Ciudad de M칠xico ,MORENA,5,Diputados,sufragio,alcaldes,Diputados,-,,
16,2,8/31/2017 10:30:00,Con encuestador,s칤,Diputados sufragio alcaldes,"Diputados Federales, Senadores, Diputados Locales, Alcaldes",CC,22,Ciencia Pol칤tica,Masculino,Ciudad de M칠xico ,MORENA,5,Diputados,sufragio,alcaldes,sufragio,pos,,
16,3,8/31/2017 10:30:00,Con encuestador,s칤,Diputados sufragio alcaldes,"Diputados Federales, Senadores, Diputados Locales, Alcaldes",CC,22,Ciencia Pol칤tica,Masculino,Ciudad de M칠xico ,MORENA,5,Diputados,sufragio,alcaldes,alcaldes,-,,
17,1,8/31/2017 10:30:34,Con encuestador,s칤,accountability planeaci칩n distritaci칩n,"Diputados Federales, Diputados Locales, Alcaldes",Plaza Roja,22,Ciencia Pol칤tica,Femenino,Michoac치n ,Ninguno,,accountability,planeaci칩n,distritaci칩n,rendici칩n de cuentas ,pos,,
17,2,8/31/2017 10:30:34,Con encuestador,s칤,accountability planeaci칩n distritaci칩n,"Diputados Federales, Diputados Locales, Alcaldes",Plaza Roja,22,Ciencia Pol칤tica,Femenino,Michoac치n ,Ninguno,,accountability,planeaci칩n,distritaci칩n,planeaci칩n,pos,,
17,3,8/31/2017 10:30:34,Con encuestador,s칤,accountability planeaci칩n distritaci칩n,"Diputados Federales, Diputados Locales, Alcaldes",Plaza Roja,22,Ciencia Pol칤tica,Femenino,Michoac치n ,Ninguno,,accountability,planeaci칩n,distritaci칩n,distritaci칩n,-,,
18,1,8/31/2017 10:32:55,Con encuestador,s칤,Buena propuesta ,Alcaldes,Torniquetes ,23,Econom칤a,Masculino,Puebla,Ninguno,,Buena propuesta ,,,bien,pos,,
19,1,8/31/2017 10:33:30,En l칤nea (solo),s칤,"Accountability, responsiveness, legisltaivo","Diputados Federales, Senadores, Alcaldes",En la biblioteca,23,"Ciencia Pol칤tica, Relaciones Internacionales",Masculino,CDMX,Ninguno,,Accountability,responsiveness,legislativo,rendici칩n de cuentas ,pos,,
19,2,8/31/2017 10:33:30,En l칤nea (solo),s칤,"Accountability, responsiveness, legisltaivo","Diputados Federales, Senadores, Alcaldes",En la biblioteca,23,"Ciencia Pol칤tica, Relaciones Internacionales",Masculino,CDMX,Ninguno,,Accountability,responsiveness,legislativo,responsiveness,pos,,
19,3,8/31/2017 10:33:30,En l칤nea (solo),s칤,"Accountability, responsiveness, legisltaivo","Diputados Federales, Senadores, Alcaldes",En la biblioteca,23,"Ciencia Pol칤tica, Relaciones Internacionales",Masculino,CDMX,Ninguno,,Accountability,responsiveness,legislativo,legislativo,-,,
20,1,8/31/2017 10:34:07,En l칤nea (solo),s칤,Rendici칩n de cuentas ,"Diputados Federales, Senadores, Diputados Locales",,23,Ciencia Pol칤tica,Masculino,Sonora,Ninguno,,Rendici칩n de cuentas ,,,rendici칩n de cuentas ,pos,,
21,1,8/31/2017 10:34:42,Con encuestador,s칤,Sufragio efectivo,"Diputados Federales, Senadores, Diputados Locales",Torniquetes ,24,"Ciencia Pol칤tica, Matem치ticas Aplicadas",Masculino,Cdmx,MORENA,3,Sufragio efectivo,,,sufragio efectivo,pos,,
22,1,8/31/2017 10:36:07,En l칤nea (solo),s칤,"Legitimidad, Continuidad, Personal Vote","Gobernadores, Diputados Federales, Senadores, Diputados Locales",CCEMC,23,Ciencia Pol칤tica,Masculino,CDMX,Ninguno,,Legitimidad,Continuidad,Personal Vote,legitimidad,pos,,
22,2,8/31/2017 10:36:07,En l칤nea (solo),s칤,"Legitimidad, Continuidad, Personal Vote","Gobernadores, Diputados Federales, Senadores, Diputados Locales",CCEMC,23,Ciencia Pol칤tica,Masculino,CDMX,Ninguno,,Legitimidad,Continuidad,Personal Vote,continuidad,pos,,
22,3,8/31/2017 10:36:07,En l칤nea (solo),s칤,"Legitimidad, Continuidad, Personal Vote","Gobernadores, Diputados Federales, Senadores, Diputados Locales",CCEMC,23,Ciencia Pol칤tica,Masculino,CDMX,Ninguno,,Legitimidad,Continuidad,Personal Vote,personal vote,pos,,
23,1,8/31/2017 10:36:23,Con encuestador,s칤,"Presidencia, continuidad","Diputados Federales, Senadores",Entrada principal,23,Econom칤a,Masculino,Puebla,Ninguno,,Presidencia,continuidad,,presidente,-,,
23,2,8/31/2017 10:36:23,Con encuestador,s칤,"Presidencia, continuidad","Diputados Federales, Senadores",Entrada principal,23,Econom칤a,Masculino,Puebla,Ninguno,,Presidencia,continuidad,,continuidad,pos,,
24,1,8/31/2017 10:36:46,En l칤nea (solo),no,Porfirio D칤az,"Diputados Federales, Senadores, Diputados Locales, Alcaldes",,22,Ciencia Pol칤tica,Masculino,CDMX,MORENA,4,Porfirio D칤az,,,Porfirio D칤az,neg,,
25,1,8/31/2017 10:36:50,Con encuestador,s칤,imposible revoluci칩n dictadura ,"Diputados Federales, Senadores, Diputados Locales",Plaza Roja,19,"Ciencia Pol칤tica, Econom칤a",Masculino,CDMX,PRI,4,imposible,revoluci칩n,dictadura ,imposible,neg,,
25,2,8/31/2017 10:36:50,Con encuestador,s칤,imposible revoluci칩n dictadura ,"Diputados Federales, Senadores, Diputados Locales",Plaza Roja,19,"Ciencia Pol칤tica, Econom칤a",Masculino,CDMX,PRI,4,imposible,revoluci칩n,dictadura ,Revoluci칩n,neg,,
25,3,8/31/2017 10:36:50,Con encuestador,s칤,imposible revoluci칩n dictadura ,"Diputados Federales, Senadores, Diputados Locales",Plaza Roja,19,"Ciencia Pol칤tica, Econom칤a",Masculino,CDMX,PRI,4,imposible,revoluci칩n,dictadura ,dictadura ,pos,,
26,1,8/31/2017 10:37:03,Con encuestador,s칤,Elecci칩n democracia presidente,"Diputados Federales, Diputados Locales",Plaza Roja ,22,Contadur칤a,Masculino,Ciudad de M칠xico ,Ninguno,,Elecci칩n,democracia,presidente,elegir,-,,
26,2,8/31/2017 10:37:03,Con encuestador,s칤,Elecci칩n democracia presidente,"Diputados Federales, Diputados Locales",Plaza Roja ,22,Contadur칤a,Masculino,Ciudad de M칠xico ,Ninguno,,Elecci칩n,democracia,presidente,democracia,pos,,
26,3,8/31/2017 10:37:03,Con encuestador,s칤,Elecci칩n democracia presidente,"Diputados Federales, Diputados Locales",Plaza Roja ,22,Contadur칤a,Masculino,Ciudad de M칠xico ,Ninguno,,Elecci칩n,democracia,presidente,presidente,-,,
27,1,8/31/2017 10:43:23,En l칤nea (solo),s칤,Porfirio D칤az ,"Diputados Federales, Senadores, Diputados Locales, Alcaldes",Trabajo ,23,Ciencia Pol칤tica,Femenino,Puebla,MORENA,3,Porfirio D칤az ,,,Porfirio D칤az,neg,,
28,1,8/31/2017 10:43:48,En l칤nea (solo),s칤,Rendici칩n de cuentas ,"Diputados Federales, Senadores, Diputados Locales, Alcaldes",Biblioteca ,19,Ciencia Pol칤tica,Masculino,Coahuila,PRI,5,Rendici칩n de cuentas ,,,rendici칩n de cuentas ,pos,,
29,1,8/31/2017 10:45:44,En l칤nea (solo),s칤,Rendici칩n de cuentas ,Senadores,,22,Econom칤a,Femenino,Ciudad de mexico,PAN,3,Rendici칩n de cuentas ,,,rendici칩n de cuentas ,pos,,
30,1,8/31/2017 10:46:05,Con encuestador,s칤,"Diputados, Porfirio D칤az, Rendici칩n de cuentas","Diputados Federales, Diputados Locales, Alcaldes",Recordarte Caf칠,24,Econom칤a,Femenino,CDMX,Ninguno,,Diputados,Porfirio D칤az,Rendici칩n de cuentas,Diputados,-,,
30,2,8/31/2017 10:46:05,Con encuestador,s칤,"Diputados, Porfirio D칤az, Rendici칩n de cuentas","Diputados Federales, Diputados Locales, Alcaldes",Recordarte Caf칠,24,Econom칤a,Femenino,CDMX,Ninguno,,Diputados,Porfirio D칤az,Rendici칩n de cuentas,Porfirio D칤az,neg,,
30,3,8/31/2017 10:46:05,Con encuestador,s칤,"Diputados, Porfirio D칤az, Rendici칩n de cuentas","Diputados Federales, Diputados Locales, Alcaldes",Recordarte Caf칠,24,Econom칤a,Femenino,CDMX,Ninguno,,Diputados,Porfirio D칤az,Rendici칩n de cuentas,rendici칩n de cuentas ,pos,,
31,1,8/31/2017 10:46:59,En l칤nea (solo),s칤,Mandato extra,"Diputados Federales, Diputados Locales, Alcaldes",,23,Ciencia Pol칤tica,Masculino,Guerrero,PAN,4,Mandato extra,,,mandato extra,-,,
32,1,8/31/2017 10:48:43,Con encuestador,s칤,Votaciones Presidente,Ninguno,Parabien,22,Relaciones Internacionales,Femenino,CDMX,Ninguno,5,Votaciones,Presidente,,voto,pos,,
32,2,8/31/2017 10:48:43,Con encuestador,s칤,Votaciones Presidente,Ninguno,Parabien,22,Relaciones Internacionales,Femenino,CDMX,Ninguno,5,Votaciones,Presidente,,presidente,-,,
33,1,8/31/2017 10:49:34,Con encuestador,s칤,Politica presidente democracia ,Senadores,Recordarte caf칠 ,24,"Administraci칩n de Empresas, Direcci칩n Financiera",Femenino,CDMX ,PAN,3,Politica,presidente,democracia ,pol칤tica,-,,
33,2,8/31/2017 10:49:34,Con encuestador,s칤,Politica presidente democracia ,Senadores,Recordarte caf칠 ,24,"Administraci칩n de Empresas, Direcci칩n Financiera",Femenino,CDMX ,PAN,3,Politica,presidente,democracia ,presidente,-,,
33,3,8/31/2017 10:49:34,Con encuestador,s칤,Politica presidente democracia ,Senadores,Recordarte caf칠 ,24,"Administraci칩n de Empresas, Direcci칩n Financiera",Femenino,CDMX ,PAN,3,Politica,presidente,democracia ,democracia ,pos,,
34,1,8/31/2017 10:49:57,En l칤nea (solo),s칤,Accountability,"Diputados Federales, Senadores, Diputados Locales, Alcaldes",No estoy en el ITAM,24,Ciencia Pol칤tica,Masculino,Yucat치n,Ninguno,,Accountability,,,rendici칩n de cuentas ,pos,,
35,1,8/31/2017 10:51:20,En l칤nea (solo),s칤,"Pol칤tica, revoluci칩n mexicana",Diputados Locales,Recordete cafe,22,"Matem치ticas Aplicadas, Econom칤a",Femenino,CDMX,Ninguno,,Pol칤tica,revoluci칩n mexicana,,pol칤tica,-,,
35,2,8/31/2017 10:51:20,En l칤nea (solo),s칤,"Pol칤tica, revoluci칩n mexicana",Diputados Locales,Recordete cafe,22,"Matem치ticas Aplicadas, Econom칤a",Femenino,CDMX,Ninguno,,Pol칤tica,revoluci칩n mexicana,,Revoluci칩n,neg,,
36,1,8/31/2017 10:51:22,En l칤nea (solo),s칤,Una buena opci칩n,Diputados Federales,,23,Direcci칩n Financiera,Masculino,M칠xico,PRI,3,Una buena opci칩n,,,bien,pos,,
37,1,8/31/2017 10:51:42,En l칤nea (solo),s칤,Constante ,"Diputados Federales, Diputados Locales",ITAM,22,Actuar칤a,Femenino,Morelos,PAN,3,Constante ,,,constancia,pos,,
38,1,8/31/2017 10:52:39,Con encuestador,s칤,Politica Gobierno Fraude ,Diputados Federales,Plaza Amarilla ,22,Administraci칩n de Empresas,Femenino,CDMX,Ninguno,3,Politica,Gobierno,Fraude ,pol칤tica,-,,
38,2,8/31/2017 10:52:39,Con encuestador,s칤,Politica Gobierno Fraude ,Diputados Federales,Plaza Amarilla ,22,Administraci칩n de Empresas,Femenino,CDMX,Ninguno,3,Politica,Gobierno,Fraude ,gobierno,-,,
38,3,8/31/2017 10:52:39,Con encuestador,s칤,Politica Gobierno Fraude ,Diputados Federales,Plaza Amarilla ,22,Administraci칩n de Empresas,Femenino,CDMX,Ninguno,3,Politica,Gobierno,Fraude ,fraude,neg,,
39,1,8/31/2017 10:53:50,Con encuestador,s칤,Presidentes municipales,"Diputados Locales, Alcaldes",Caf칠,21,Ciencia Pol칤tica,Masculino,Morelos,Ninguno,5,Presidentes municipales,,,alcaldes,-,,
40,1,8/31/2017 10:55:02,En l칤nea (solo),s칤,presidente Porfirio EEUU,Ninguno,cafeteria,24,Econom칤a,Femenino,cdmx,Ninguno,,presidente,Porfirio,EEUU,presidente,-,,
40,2,8/31/2017 10:55:02,En l칤nea (solo),s칤,presidente Porfirio EEUU,Ninguno,cafeteria,24,Econom칤a,Femenino,cdmx,Ninguno,,presidente,Porfirio,EEUU,Porfirio D칤az,neg,,
40,3,8/31/2017 10:55:02,En l칤nea (solo),s칤,presidente Porfirio EEUU,Ninguno,cafeteria,24,Econom칤a,Femenino,cdmx,Ninguno,,presidente,Porfirio,EEUU,EEUU,-,,
41,1,8/31/2017 10:55:43,Con encuestador,s칤,Valodacion,"Diputados Federales, Senadores, Diputados Locales, Alcaldes",Cafe,20,"Direcci칩n Financiera, Econom칤a",Masculino,Sonora,PRI,5,Valodacion,,,valoraci칩n,pos,,
42,1,8/31/2017 10:56:59,En l칤nea (solo),s칤,"Profesionalizacion, rendici칩n de cuentas, representatividad","Diputados Federales, Senadores, Diputados Locales, Alcaldes",,29,"Ciencia Pol칤tica, Derecho",Masculino,CDMX,PRD,4,Profesionalizacion,rendici칩n de cuentas,representatividad,profecionalizaci칩n,pos,,
42,2,8/31/2017 10:56:59,En l칤nea (solo),s칤,"Profesionalizacion, rendici칩n de cuentas, representatividad","Diputados Federales, Senadores, Diputados Locales, Alcaldes",,29,"Ciencia Pol칤tica, Derecho",Masculino,CDMX,PRD,4,Profesionalizacion,rendici칩n de cuentas,representatividad,rendici칩n de cuentas,pos,,
42,3,8/31/2017 10:56:59,En l칤nea (solo),s칤,"Profesionalizacion, rendici칩n de cuentas, representatividad","Diputados Federales, Senadores, Diputados Locales, Alcaldes",,29,"Ciencia Pol칤tica, Derecho",Masculino,CDMX,PRD,4,Profesionalizacion,rendici칩n de cuentas,representatividad,representaci칩n,pos,,
43,1,8/31/2017 10:57:41,Con encuestador,s칤,votos casillas ,Ninguno,obelisco ,18,Relaciones Internacionales,Femenino,CDMX ,MORENA,3,votos,casillas ,,voto,pos,,
43,2,8/31/2017 10:57:41,Con encuestador,s칤,votos casillas ,Ninguno,obelisco ,18,Relaciones Internacionales,Femenino,CDMX ,MORENA,3,votos,casillas ,,casillas ,-,,
44,1,8/31/2017 10:58:14,En l칤nea (solo),s칤,Accountability,"Diputados Federales, Senadores, Diputados Locales, Alcaldes",Casa,23,Ciencia Pol칤tica,Femenino,CDMX,MORENA,2,Accountability,,,rendici칩n de cuentas ,pos,,
45,1,8/31/2017 10:58:30,En l칤nea (solo),s칤,Volver a gobernar,"Presidente, Gobernadores, Diputados Federales, Senadores, Diputados Locales, Alcaldes",En mi depa,24,Ciencia Pol칤tica,Femenino,Morelos,Ninguno,,Volver a gobernar,,,volver,-,,
46,1,8/31/2017 10:58:39,Con encuestador,s칤,Fraude Inconstitucional Peje,Gobernadores,Obelisco,20,Econom칤a,Femenino,Quer칠taro ,Ninguno,,Fraude,Inconstitucional,Peje,fraude,neg,,
46,2,8/31/2017 10:58:39,Con encuestador,s칤,Fraude Inconstitucional Peje,Gobernadores,Obelisco,20,Econom칤a,Femenino,Quer칠taro ,Ninguno,,Fraude,Inconstitucional,Peje,inconstitucional,neg,,
46,3,8/31/2017 10:58:39,Con encuestador,s칤,Fraude Inconstitucional Peje,Gobernadores,Obelisco,20,Econom칤a,Femenino,Quer칠taro ,Ninguno,,Fraude,Inconstitucional,Peje,Peje,-,,
47,1,8/31/2017 10:59:32,Con encuestador,s칤,madero porfirio constitucion ,"Diputados Locales, Alcaldes",obelisco ,20,Econom칤a,Masculino,Aguascalientes ,Ninguno,,Madero,Porfirio,constituci칩n ,Madero,neg,,
47,2,8/31/2017 10:59:32,Con encuestador,s칤,madero porfirio constitucion ,"Diputados Locales, Alcaldes",obelisco ,20,Econom칤a,Masculino,Aguascalientes ,Ninguno,,Madero,Porfirio,constituci칩n ,Porfirio D칤az,neg,,
47,3,8/31/2017 10:59:32,Con encuestador,s칤,madero porfirio constitucion ,"Diputados Locales, Alcaldes",obelisco ,20,Econom칤a,Masculino,Aguascalientes ,Ninguno,,Madero,Porfirio,constituci칩n ,constituci칩n ,-,,
48,1,8/31/2017 10:59:34,Con encuestador,s칤,Ratificaci칩n democracia ,Gobernadores,,23,Ciencia Pol칤tica,Masculino,Jalisco ,Otro,,Ratificaci칩n,democracia ,,ratificaci칩n,pos,,
48,2,8/31/2017 10:59:34,Con encuestador,s칤,Ratificaci칩n democracia ,Gobernadores,,23,Ciencia Pol칤tica,Masculino,Jalisco ,Otro,,Ratificaci칩n,democracia ,,democracia ,pos,,
49,1,8/31/2017 11:00:39,En l칤nea (solo),no,Robo,Alcaldes,,22,Econom칤a,Masculino,Cdmx,PAN,3,Robo,,,robo,neg,,
50,1,8/31/2017 11:01:56,Con encuestador,s칤,Candidato Presidencia Elecciones,Diputados Locales,Palmeras,22,Relaciones Internacionales,Masculino,Quintana Roo,PRI,3,Candidato,Presidencia,Elecciones,candidato,-,,
50,2,8/31/2017 11:01:56,Con encuestador,s칤,Candidato Presidencia Elecciones,Diputados Locales,Palmeras,22,Relaciones Internacionales,Masculino,Quintana Roo,PRI,3,Candidato,Presidencia,Elecciones,presidente,-,,
50,3,8/31/2017 11:01:56,Con encuestador,s칤,Candidato Presidencia Elecciones,Diputados Locales,Palmeras,22,Relaciones Internacionales,Masculino,Quintana Roo,PRI,3,Candidato,Presidencia,Elecciones,elegir,-,,
51,1,8/31/2017 11:02:00,En l칤nea (solo),s칤,Cercan칤a Transparencia ,"Diputados Federales, Senadores, Diputados Locales, Alcaldes",En el ba침o,23,Ciencia Pol칤tica,Masculino,Ciudad de M칠xico,Ninguno,,Cercan칤a,Transparencia ,,cercan칤a,pos,,
51,2,8/31/2017 11:02:00,En l칤nea (solo),s칤,Cercan칤a Transparencia,"Diputados Federales, Senadores, Diputados Locales, Alcaldes",En el ba침o,23,Ciencia Pol칤tica,Masculino,Ciudad de M칠xico,Ninguno,,Cercan칤a,Transparencia ,,transparencia ,pos,,
52,1,8/31/2017 11:02:37,Con encuestador,s칤,Porfirio D칤az ,Ninguno,Una cafeter칤a ,25,Econom칤a,Masculino,Cdmx,Ninguno,,Porfirio D칤az ,,,Porfirio D칤az,neg,,
53,1,8/31/2017 11:02:38,Con encuestador,s칤,legal condiciones depende ,Ninguno,palmeras,20,"Ciencia Pol칤tica, Econom칤a",Masculino,CDMX,MORENA,3,legal,condiciones,depende ,legal,-,,
53,2,8/31/2017 11:02:38,Con encuestador,s칤,legal condiciones depende ,Ninguno,palmeras,20,"Ciencia Pol칤tica, Econom칤a",Masculino,CDMX,MORENA,3,legal,condiciones,depende ,condiciones,neg,,
53,3,8/31/2017 11:02:38,Con encuestador,s칤,legal condiciones depende ,Ninguno,palmeras,20,"Ciencia Pol칤tica, Econom칤a",Masculino,CDMX,MORENA,3,legal,condiciones,depende ,depende ,neg,,
54,1,8/31/2017 11:04:15,Con encuestador,s칤,Inconstitucional ,Ninguno,Steins,22,Derecho,Femenino,Cdmx,PAN,3,Inconstitucional ,,,inconstitucional,neg,,
55,1,8/31/2017 11:05:40,Con encuestador,s칤,AMLO Porfirio D칤az,Alcaldes,Cafeter칤a ,23,Actuar칤a,Masculino,CDMX ,PAN,2,AMLO,Porfirio D칤az,,Peje,-,,
55,2,8/31/2017 11:05:40,Con encuestador,s칤,AMLO Porfirio D칤az,Alcaldes,Cafeter칤a ,23,Actuar칤a,Masculino,CDMX ,PAN,2,AMLO,Porfirio D칤az,,Porfirio D칤az,neg,,
56,1,8/31/2017 11:06:10,Con encuestador,s칤,gobierno injusticia democracia ,Senadores,cafeterias ,18,"Direcci칩n Financiera, Actuar칤a",Femenino,cdmx ,PRD,2,gobierno,injusticia,democracia ,gobierno,-,,
56,2,8/31/2017 11:06:10,Con encuestador,s칤,gobierno injusticia democracia ,Senadores,cafeterias ,18,"Direcci칩n Financiera, Actuar칤a",Femenino,cdmx ,PRD,2,gobierno,injusticia,democracia ,injusticia,neg,,
56,3,8/31/2017 11:06:10,Con encuestador,s칤,gobierno injusticia democracia ,Senadores,cafeterias ,18,"Direcci칩n Financiera, Actuar칤a",Femenino,cdmx ,PRD,2,gobierno,injusticia,democracia ,democracia ,pos,,
57,1,8/31/2017 11:09:41,En l칤nea (solo),no,hambre de poder,"Diputados Federales, Senadores, Diputados Locales",,23,Computaci칩n,Masculino,Queretaro,PAN,2,hambre de poder,,,hambre de poder,neg,,
58,1,8/31/2017 11:11:44,Con encuestador,s칤,rendici칩n de cuentas ,"Diputados Federales, Diputados Locales",plaza roja,22,Ciencia Pol칤tica,Masculino,CDMX,Ninguno,,rendici칩n de cuentas ,,,rendici칩n de cuentas ,pos,,
59,1,8/31/2017 11:15:47,En l칤nea (solo),s칤,no,Diputados Locales,,23,Econom칤a,Masculino,Morelos,MORENA,3,no,,,jam치s/춰NO!/no por favor,neg,,
60,1,8/31/2017 11:16:43,Con encuestador,s칤,Votos Ideas Propuestas,Ninguno,Plaza Roja,19,Actuar칤a,Masculino,Estado de M칠xico ,PAN,4,Votos,Ideas,Propuestas,voto,pos,,
60,2,8/31/2017 11:16:43,Con encuestador,s칤,Votos Ideas Propuestas,Ninguno,Plaza Roja,19,Actuar칤a,Masculino,Estado de M칠xico ,PAN,4,Votos,Ideas,Propuestas,ideas,pos,,
60,3,8/31/2017 11:16:43,Con encuestador,s칤,Votos Ideas Propuestas,Ninguno,Plaza Roja,19,Actuar칤a,Masculino,Estado de M칠xico ,PAN,4,Votos,Ideas,Propuestas,propuesta,pos,,
61,1,8/31/2017 11:17:45,Con encuestador,s칤,Sufragio efectivo no,"Diputados Locales, Alcaldes",Recordarte cafe,24,Ingenier칤a en Negocios,Masculino,CDMX,Ninguno,,Sufragio efectivo no,,,sufragio efectivo no reelecci칩n,neg,,
62,1,8/31/2017 11:20:16,En l칤nea (solo),no,Don Porfirio D칤az,"Diputados Federales, Senadores, Diputados Locales, Alcaldes",,23,Derecho,Masculino,Quer칠taro,PAN,5,Don Porfirio D칤az,,,Porfirio D칤az,neg,,
63,1,8/31/2017 11:21:01,En l칤nea (solo),no,"no, jamas, nunca",Diputados Locales,,38,Otra,Femenino,queretaro,PAN,3,no,jamas,nunca,jam치s/춰NO!/no por favor,neg,,
63,2,8/31/2017 11:21:01,En l칤nea (solo),no,"no, jamas, nunca",Diputados Locales,,38,Otra,Femenino,queretaro,PAN,3,no,jamas,nunca,jam치s/춰NO!/no por favor,neg,,
63,3,8/31/2017 11:21:01,En l칤nea (solo),no,"no, jamas, nunca",Diputados Locales,,38,Otra,Femenino,queretaro,PAN,3,no,jamas,nunca,jam치s/춰NO!/no por favor,neg,,
64,1,8/31/2017 11:21:54,En l칤nea (solo),no,Rendici칩n de Cuentas,"Diputados Federales, Senadores, Diputados Locales, Alcaldes",,25,Ciencia Pol칤tica,Masculino,Estado de M칠xico,PRI,4,Rendici칩n de Cuentas,,,rendici칩n de cuentas ,pos,,
65,1,8/31/2017 11:22:06,En l칤nea (solo),s칤,Ratificaci칩n de confianza ,"Diputados Federales, Senadores, Diputados Locales, Alcaldes",Biblioteca ,22,Direcci칩n Financiera,Femenino,CDMX ,PAN,2,Ratificaci칩n de confianza ,,,ratificaci칩n,pos,,
65,2,8/31/2017 11:22:06,En l칤nea (solo),s칤,Ratificaci칩n de confianza ,"Diputados Federales, Senadores, Diputados Locales, Alcaldes",Biblioteca ,22,Direcci칩n Financiera,Femenino,CDMX ,PAN,2,Ratificaci칩n de confianza ,,,confianza,pos,,
66,1,8/31/2017 11:25:35,En l칤nea (solo),s칤,Rendici칩n de cuentas ,"Diputados Federales, Senadores, Diputados Locales, Alcaldes",salones PF,23,Ciencia Pol칤tica,Masculino,Estado de M칠xico ,PRI,3,Rendici칩n de cuentas ,,,rendici칩n de cuentas ,pos,,
67,1,8/31/2017 11:25:36,En l칤nea (solo),s칤,Voto de castigo,"Diputados Locales, Alcaldes",En casa ,24,"Ciencia Pol칤tica, Relaciones Internacionales",Masculino,Estado de M칠xico,Ninguno,,Voto de castigo,,,voto de castigo,pos,,
68,1,8/31/2017 11:30:58,Con encuestador,s칤,Legitimidad Continuidad Accountability ,"Diputados Federales, Senadores, Diputados Locales",Plaza Roja,22,Ciencia Pol칤tica,Masculino,Estado de M칠xico ,MORENA,5,Legitimidad,Continuidad,Accountability ,legitimidad,pos,,
68,2,8/31/2017 11:30:58,Con encuestador,s칤,Legitimidad Continuidad Accountability ,"Diputados Federales, Senadores, Diputados Locales",Plaza Roja,22,Ciencia Pol칤tica,Masculino,Estado de M칠xico ,MORENA,5,Legitimidad,Continuidad,Accountability ,continuidad,pos,,
68,3,8/31/2017 11:30:58,Con encuestador,s칤,Legitimidad Continuidad Accountability ,"Diputados Federales, Senadores, Diputados Locales",Plaza Roja,22,Ciencia Pol칤tica,Masculino,Estado de M칠xico ,MORENA,5,Legitimidad,Continuidad,Accountability ,rendici칩n de cuentas ,pos,,
69,1,8/31/2017 11:33:06,Con encuestador,s칤,Pol칤tica Porfirio D칤az,Alcaldes,Plaza Roja,23,Derecho,Masculino,CDMX,Ninguno,,Pol칤tica,Porfirio D칤az,,pol칤tica,-,,
69,2,8/31/2017 11:33:06,Con encuestador,s칤,Pol칤tica Porfirio D칤az,Alcaldes,Plaza Roja,23,Derecho,Masculino,CDMX,Ninguno,,Pol칤tica,Porfirio D칤az,,Porfirio D칤az,neg,,
70,1,8/31/2017 11:36:27,En l칤nea (solo),s칤,"Sufragio efectivo, no ...","Diputados Federales, Senadores, Diputados Locales, Alcaldes",En el trabajo,24,Relaciones Internacionales,Femenino,CDMX,MORENA,3,Sufragio efectivo no,,,sufragio efectivo no reelecci칩n,neg,,
71,1,8/31/2017 11:37:16,En l칤nea (solo),no,Buen gobierno ,Ninguno,,22,Administraci칩n de Empresas,Masculino,Cdmx,PAN,3,Buen gobierno ,,,buen gobierno ,pos,,
72,1,8/31/2017 11:37:17,En l칤nea (solo),no,"Viable, responsable, controvertida","Diputados Federales, Diputados Locales",,27,Otra,Masculino,Cdmx,Ninguno,,Viable,responsable,controvertida,viable,pos,,
72,2,8/31/2017 11:37:17,En l칤nea (solo),no,"Viable, responsable, controvertida","Diputados Federales, Diputados Locales",,27,Otra,Masculino,Cdmx,Ninguno,,Viable,responsable,controvertida,responsabilidad,pos,,
72,3,8/31/2017 11:37:17,En l칤nea (solo),no,"Viable, responsable, controvertida","Diputados Federales, Diputados Locales",,27,Otra,Masculino,Cdmx,Ninguno,,Viable,responsable,controvertida,controvertida,neg,,
73,1,8/31/2017 11:38:05,En l칤nea (solo),s칤,Reforma electoral ,"Diputados Federales, Diputados Locales",,25,Ciencia Pol칤tica,Femenino,Cdmx,Ninguno,,Reforma electoral ,,,reforma pol칤tica,-,,
74,1,8/31/2017 11:39:02,En l칤nea (solo),s칤,"Democracia, accountability, estabilidad","Diputados Federales, Senadores, Diputados Locales, Alcaldes",Mi departamento,22,Econom칤a,Masculino,Nuevo Le칩n ,MORENA,4,Democracia,accountability,estabilidad,democracia,pos,,
74,2,8/31/2017 11:39:02,En l칤nea (solo),s칤,"Democracia, accountability, estabilidad","Diputados Federales, Senadores, Diputados Locales, Alcaldes",Mi departamento,22,Econom칤a,Masculino,Nuevo Le칩n ,MORENA,4,Democracia,accountability,estabilidad,rendici칩n de cuentas ,pos,,
74,3,8/31/2017 11:39:02,En l칤nea (solo),s칤,"Democracia, accountability, estabilidad","Diputados Federales, Senadores, Diputados Locales, Alcaldes",Mi departamento,22,Econom칤a,Masculino,Nuevo Le칩n ,MORENA,4,Democracia,accountability,estabilidad,estabilidad,pos,,
75,1,8/31/2017 11:39:27,Con encuestador,s칤,Fraude Presidente PRI,Ninguno,Centro de Computo ,19,Administraci칩n de Empresas,Femenino,Estado de M칠xico ,Ninguno,,Fraude,Presidente,PRI,fraude,neg,,
75,2,8/31/2017 11:39:27,Con encuestador,s칤,Fraude Presidente PRI,Ninguno,Centro de Computo ,19,Administraci칩n de Empresas,Femenino,Estado de M칠xico ,Ninguno,,Fraude,Presidente,PRI,presidente,-,,
75,3,8/31/2017 11:39:27,Con encuestador,s칤,Fraude Presidente PRI,Ninguno,Centro de Computo ,19,Administraci칩n de Empresas,Femenino,Estado de M칠xico ,Ninguno,,Fraude,Presidente,PRI,PRI,neg,,
76,1,8/31/2017 11:40:56,Con encuestador,s칤,Fraude EEUU Obama,"Diputados Federales, Diputados Locales",Centro de Computo ,20,Relaciones Internacionales,Femenino,CDMX,Ninguno,1,Fraude,EEUU,Obama,fraude,neg,,
76,2,8/31/2017 11:40:56,Con encuestador,s칤,Fraude EEUU Obama,"Diputados Federales, Diputados Locales",Centro de Computo ,20,Relaciones Internacionales,Femenino,CDMX,Ninguno,1,Fraude,EEUU,Obama,EEUU,-,,
76,3,8/31/2017 11:40:56,Con encuestador,s칤,Fraude EEUU Obama,"Diputados Federales, Diputados Locales",Centro de Computo ,20,Relaciones Internacionales,Femenino,CDMX,Ninguno,1,Fraude,EEUU,Obama,Obama,-,,
77,1,8/31/2017 11:43:20,En l칤nea (solo),no,Porfiriato,Ninguno,En tu coraz칩n,Los que quieras bb 游땢,"Ciencia Pol칤tica, Derecho, Administraci칩n de Empresas, Direcci칩n Financiera, Contadur칤a, Relaciones Internacionales, Mecatr칩nica, Matem치ticas Aplicadas, Computaci칩n, Ingenier칤a en Negocios, Telecomunicaciones, Actuar칤a, Econom칤a, Ingenier칤a Industrial, Otra",Femenino,De Ebriedad,MORENA,5,Porfiriato,,,Porfirio D칤az,neg,,
78,1,8/31/2017 11:44:34,Con encuestador,s칤,Sufragio Pol칤tica Partido,Alcaldes,Centro de Computo ,21,"Direcci칩n Financiera, Contadur칤a",Masculino,CDMX,PRI,4,Sufragio,Pol칤tica,Partido,sufragio,pos,,
78,2,8/31/2017 11:44:34,Con encuestador,s칤,Sufragio Pol칤tica Partido,Alcaldes,Centro de Computo ,21,"Direcci칩n Financiera, Contadur칤a",Masculino,CDMX,PRI,4,Sufragio,Pol칤tica,Partido,pol칤tica,-,,
78,3,8/31/2017 11:44:34,Con encuestador,s칤,Sufragio Pol칤tica Partido,Alcaldes,Centro de Computo ,21,"Direcci칩n Financiera, Contadur칤a",Masculino,CDMX,PRI,4,Sufragio,Pol칤tica,Partido,partidos,-,,
79,1,8/31/2017 11:46:37,En l칤nea (solo),s칤,"Seguimiento, autoritario, revoluci칩n. ","Diputados Federales, Senadores, Diputados Locales, Alcaldes",Biblioteca,22,"Relaciones Internacionales, Econom칤a",Masculino,Veracruz,PAN,3,Seguimiento,autoritario,revoluci칩n,seguimiento,pos,,
79,2,8/31/2017 11:46:37,En l칤nea (solo),s칤,"Seguimiento, autoritario, revoluci칩n. ","Diputados Federales, Senadores, Diputados Locales, Alcaldes",Biblioteca,22,"Relaciones Internacionales, Econom칤a",Masculino,Veracruz,PAN,3,Seguimiento,autoritario,revoluci칩n,autoritario,neg,,
79,3,8/31/2017 11:46:37,En l칤nea (solo),s칤,"Seguimiento, autoritario, revoluci칩n. ","Diputados Federales, Senadores, Diputados Locales, Alcaldes",Biblioteca,22,"Relaciones Internacionales, Econom칤a",Masculino,Veracruz,PAN,3,Seguimiento,autoritario,revoluci칩n,Revoluci칩n,neg,,
80,1,8/31/2017 11:47:39,Con encuestador,s칤,Trampa Mentiras Obama,Diputados Federales,Plaza Amarilla,20,Relaciones Internacionales,Femenino,Guanajuato,PAN,4,Trampa,Mentiras,Obama,tramposos,neg,,
80,2,8/31/2017 11:47:39,Con encuestador,s칤,Trampa Mentiras Obama,Diputados Federales,Plaza Amarilla,20,Relaciones Internacionales,Femenino,Guanajuato,PAN,4,Trampa,Mentiras,Obama,mentira,neg,,
80,3,8/31/2017 11:47:39,Con encuestador,s칤,Trampa Mentiras Obama,Diputados Federales,Plaza Amarilla,20,Relaciones Internacionales,Femenino,Guanajuato,PAN,4,Trampa,Mentiras,Obama,Obama,-,,
81,1,8/31/2017 11:49:37,En l칤nea (solo),no,Mismo gobierno ,"Diputados Locales, Alcaldes",,23,Derecho,Femenino,Quer칠taro,Ninguno,,Mismo gobierno ,,,misma persona,-,,
82,1,8/31/2017 11:51:30,Con encuestador,s칤,Continuismo Conformidad Ambig칲edad ,Alcaldes,Rector칤a ,21,Contadur칤a,Masculino,Tamaulipas ,PRD,3,Continuismo,Conformidad,Ambig칲edad ,continuidad,pos,,
82,2,8/31/2017 11:51:30,Con encuestador,s칤,Continuismo Conformidad Ambig칲edad ,Alcaldes,Rector칤a ,21,Contadur칤a,Masculino,Tamaulipas ,PRD,3,Continuismo,Conformidad,Ambig칲edad ,conformidad,neg,,
82,3,8/31/2017 11:51:30,Con encuestador,s칤,Continuismo Conformidad Ambig칲edad ,Alcaldes,Rector칤a ,21,Contadur칤a,Masculino,Tamaulipas ,PRD,3,Continuismo,Conformidad,Ambig칲edad ,ambig칲edad ,neg,,
83,1,8/31/2017 11:54:24,Con encuestador,s칤,Porfirio Corrupci칩n Participaci칩n,Diputados Federales,Torniquetes ,20,Relaciones Internacionales,Femenino,Guanajuato ,Ninguno,,Porfirio,Corrupci칩n,Participaci칩n,Porfirio D칤az,neg,,
83,2,8/31/2017 11:54:24,Con encuestador,s칤,Porfirio Corrupci칩n Participaci칩n,Diputados Federales,Torniquetes ,20,Relaciones Internacionales,Femenino,Guanajuato ,Ninguno,,Porfirio,Corrupci칩n,Participaci칩n,corrupci칩n,neg,,
83,3,8/31/2017 11:54:24,Con encuestador,s칤,Porfirio Corrupci칩n Participaci칩n,Diputados Federales,Torniquetes ,20,Relaciones Internacionales,Femenino,Guanajuato ,Ninguno,,Porfirio,Corrupci칩n,Participaci칩n,participaci칩n,pos,,
84,1,8/31/2017 11:54:49,En l칤nea (solo),s칤,M칠rito ,"Diputados Federales, Senadores, Diputados Locales",Itam,23,Econom칤a,Masculino,Cdmx,PAN,3,M칠rito ,,,meritocracia,pos,,
85,1,8/31/2017 11:56:02,En l칤nea (solo),no,Porfirio D칤az ,"Gobernadores, Diputados Federales, Senadores, Diputados Locales, Alcaldes",,25,Relaciones Internacionales,Femenino,Estado de M칠xico ,Ninguno,,Porfirio D칤az ,,,Porfirio D칤az,neg,,
86,1,8/31/2017 11:57:25,Con encuestador,s칤,Presidente Pol칤tica Historia,"Diputados Federales, Diputados Locales, Alcaldes",Pastitos,21,Administraci칩n de Empresas,Femenino,Guanajuato ,PRI,,Presidente,Pol칤tica,Historia,presidente,-,,
86,2,8/31/2017 11:57:25,Con encuestador,s칤,Presidente Pol칤tica Historia,"Diputados Federales, Diputados Locales, Alcaldes",Pastitos,21,Administraci칩n de Empresas,Femenino,Guanajuato ,PRI,,Presidente,Pol칤tica,Historia,pol칤tica,-,,
86,3,8/31/2017 11:57:25,Con encuestador,s칤,Presidente Pol칤tica Historia,"Diputados Federales, Diputados Locales, Alcaldes",Pastitos,21,Administraci칩n de Empresas,Femenino,Guanajuato ,PRI,,Presidente,Pol칤tica,Historia,historia,neg,,
87,1,8/31/2017 11:58:53,Con encuestador,s칤,Dictadura Democracia Leyes,Diputados Federales,Pastitos,19,Relaciones Internacionales,Masculino,CDMX ,PRI,1,Dictadura,Democracia,Leyes,dictadura,pos,,
87,2,8/31/2017 11:58:53,Con encuestador,s칤,Dictadura Democracia Leyes,Diputados Federales,Pastitos,19,Relaciones Internacionales,Masculino,CDMX ,PRI,1,Dictadura,Democracia,Leyes,democracia,pos,,
87,3,8/31/2017 11:58:53,Con encuestador,s칤,Dictadura Democracia Leyes,Diputados Federales,Pastitos,19,Relaciones Internacionales,Masculino,CDMX ,PRI,1,Dictadura,Democracia,Leyes,ley,-,,
88,1,8/31/2017 11:59:02,En l칤nea (solo),s칤,Mejor desempe침o legislativo y rendici칩n de cuentas ,"Diputados Federales, Senadores",En mi departamento ,23,"Relaciones Internacionales, Econom칤a",Femenino,Quer칠taro ,Ninguno,,Mejor desempe침o,legislativo,rendici칩n de cuentas ,buen gobierno ,pos,,
88,2,8/31/2017 11:59:02,En l칤nea (solo),s칤,Mejor desempe침o legislativo y rendici칩n de cuentas ,"Diputados Federales, Senadores",En mi departamento ,23,"Relaciones Internacionales, Econom칤a",Femenino,Quer칠taro ,Ninguno,,Mejor desempe침o,legislativo,rendici칩n de cuentas ,legislativo,-,,
88,3,8/31/2017 11:59:02,En l칤nea (solo),s칤,Mejor desempe침o legislativo y rendici칩n de cuentas ,"Diputados Federales, Senadores",En mi departamento ,23,"Relaciones Internacionales, Econom칤a",Femenino,Quer칠taro ,Ninguno,,Mejor desempe침o,legislativo,rendici칩n de cuentas ,rendici칩n de cuentas ,pos,,
89,1,8/31/2017 12:00:44,En l칤nea (solo),no,Politica constancia proceso,"Diputados Locales, Alcaldes",,36,Administraci칩n de Empresas,Masculino,Queretaro,PAN,2,Politica,constancia,proceso,pol칤tica,-,,
89,2,8/31/2017 12:00:44,En l칤nea (solo),no,Politica constancia proceso,"Diputados Locales, Alcaldes",,36,Administraci칩n de Empresas,Masculino,Queretaro,PAN,2,Politica,constancia,proceso,constancia,pos,,
89,3,8/31/2017 12:00:44,En l칤nea (solo),no,Politica constancia proceso,"Diputados Locales, Alcaldes",,36,Administraci칩n de Empresas,Masculino,Queretaro,PAN,2,Politica,constancia,proceso,proceso,-,,
90,1,8/31/2017 12:01:07,Con encuestador,s칤,Democracia Representativo Instituciones,"Diputados Federales, Diputados Locales",Plaza Roja,18,Econom칤a,Masculino,CDMX,PRI,5,Democracia,Representativo,Instituciones,democracia,pos,,
90,2,8/31/2017 12:01:07,Con encuestador,s칤,Democracia Representativo Instituciones,"Diputados Federales, Diputados Locales",Plaza Roja,18,Econom칤a,Masculino,CDMX,PRI,5,Democracia,Representativo,Instituciones,representaci칩n,pos,,
90,3,8/31/2017 12:01:07,Con encuestador,s칤,Democracia Representativo Instituciones,"Diputados Federales, Diputados Locales",Plaza Roja,18,Econom칤a,Masculino,CDMX,PRI,5,Democracia,Representativo,Instituciones,instituciones,-,,
91,1,8/31/2017 12:05:34,En l칤nea (solo),s칤,Accountability. ,"Diputados Federales, Diputados Locales",Cub칤culo del CUHE ,21,"Ciencia Pol칤tica, Econom칤a",Femenino,Veracruz,Ninguno,,Accountability ,,,rendici칩n de cuentas ,pos,,
92,1,8/31/2017 12:06:11,En l칤nea (solo),no,Pri,"Diputados Federales, Senadores",,22,Derecho,Femenino,Cdmx,PAN,1,PRI,,,PRI,neg,,
93,1,8/31/2017 12:07:35,En l칤nea (solo),s칤,"Evaluaci칩n, necesario, peligroso ","Diputados Federales, Senadores, Diputados Locales, Alcaldes",Pasillo ,24,Econom칤a,Femenino,Ciudad de M칠xico ,PAN,4,Evaluaci칩n,necesario,peligroso ,evaluaci칩n,pos,,
93,2,8/31/2017 12:07:35,En l칤nea (solo),s칤,"Evaluaci칩n, necesario, peligroso ","Diputados Federales, Senadores, Diputados Locales, Alcaldes",Pasillo ,24,Econom칤a,Femenino,Ciudad de M칠xico ,PAN,4,Evaluaci칩n,necesario,peligroso ,necesario,pos,,
93,3,8/31/2017 12:07:35,En l칤nea (solo),s칤,"Evaluaci칩n, necesario, peligroso ","Diputados Federales, Senadores, Diputados Locales, Alcaldes",Pasillo ,24,Econom칤a,Femenino,Ciudad de M칠xico ,PAN,4,Evaluaci칩n,necesario,peligroso ,peligroso ,neg,,
94,1,8/31/2017 12:08:15,En l칤nea (solo),no,"USA, ACCOUNTABILITY, CONTINUIDAD ","Diputados Federales, Diputados Locales, Alcaldes",,23,Ciencia Pol칤tica,Femenino,Ciudad de M칠xico ,MORENA,3,USA,ACCOUNTABILITY,CONTINUIDAD ,EEUU,-,,
94,2,8/31/2017 12:08:15,En l칤nea (solo),no,"USA, ACCOUNTABILITY, CONTINUIDAD ","Diputados Federales, Diputados Locales, Alcaldes",,23,Ciencia Pol칤tica,Femenino,Ciudad de M칠xico ,MORENA,3,USA,ACCOUNTABILITY,CONTINUIDAD ,rendici칩n de cuentas ,pos,,
94,3,8/31/2017 12:08:15,En l칤nea (solo),no,"USA, ACCOUNTABILITY, CONTINUIDAD ","Diputados Federales, Diputados Locales, Alcaldes",,23,Ciencia Pol칤tica,Femenino,Ciudad de M칠xico ,MORENA,3,USA,ACCOUNTABILITY,CONTINUIDAD ,continuidad,pos,,
95,1,8/31/2017 12:10:09,En l칤nea (solo),s칤,Rendici칩n de cuentas,"Diputados Federales, Diputados Locales, Alcaldes",,22,"Ciencia Pol칤tica, Econom칤a",Masculino,Tamaulipas,Ninguno,,Rendici칩n de cuentas,,,rendici칩n de cuentas ,pos,,
96,1,8/31/2017 12:11:48,Con encuestador,s칤,"presidencia, gobernador, proceso","Gobernadores, Diputados Federales, Senadores, Diputados Locales, Alcaldes",cc,24,Relaciones Internacionales,Masculino,Hidalgo,Ninguno,3,presidencia,gobernador,proceso,presidente,-,,
96,2,8/31/2017 12:11:48,Con encuestador,s칤,"presidencia, gobernador, proceso","Gobernadores, Diputados Federales, Senadores, Diputados Locales, Alcaldes",cc,24,Relaciones Internacionales,Masculino,Hidalgo,Ninguno,3,presidencia,gobernador,proceso,gobernador,-,,
96,3,8/31/2017 12:11:48,Con encuestador,s칤,"presidencia, gobernador, proceso","Gobernadores, Diputados Federales, Senadores, Diputados Locales, Alcaldes",cc,24,Relaciones Internacionales,Masculino,Hidalgo,Ninguno,3,presidencia,gobernador,proceso,proceso,-,,
97,1,8/31/2017 12:12:12,Con encuestador,s칤,Presidente Votos Urnas,Alcaldes,Plaza Roja,19,Ingenier칤a en Negocios,Masculino,CDMX,PRI,3,Presidente,Votos,Urnas,presidente,-,,
97,2,8/31/2017 12:12:12,Con encuestador,s칤,Presidente Votos Urnas,Alcaldes,Plaza Roja,19,Ingenier칤a en Negocios,Masculino,CDMX,PRI,3,Presidente,Votos,Urnas,voto,pos,,
97,3,8/31/2017 12:12:12,Con encuestador,s칤,Presidente Votos Urnas,Alcaldes,Plaza Roja,19,Ingenier칤a en Negocios,Masculino,CDMX,PRI,3,Presidente,Votos,Urnas,voto,pos,,
98,1,8/31/2017 12:13:13,En l칤nea (solo),no,"Oportunidad, negocio, corrupci칩n","Diputados Federales, Diputados Locales, Alcaldes",,21,Derecho,Femenino,Nuevo Le칩n,PAN,3,Oportunidad,negocio,corrupci칩n,oportunidad,-,,
98,2,8/31/2017 12:13:13,En l칤nea (solo),no,"Oportunidad, negocio, corrupci칩n","Diputados Federales, Diputados Locales, Alcaldes",,21,Derecho,Femenino,Nuevo Le칩n,PAN,3,Oportunidad,negocio,corrupci칩n,negocio,neg,,
98,3,8/31/2017 12:13:13,En l칤nea (solo),no,"Oportunidad, negocio, corrupci칩n","Diputados Federales, Diputados Locales, Alcaldes",,21,Derecho,Femenino,Nuevo Le칩n,PAN,3,Oportunidad,negocio,corrupci칩n,corrupci칩n,neg,,
99,1,8/31/2017 12:13:58,En l칤nea (solo),no,Repetici칩n ,"Presidente, Senadores, Diputados Locales",,22,Otra,Femenino,Estado de M칠xico ,Ninguno,,Repetici칩n ,,,repetir ,-,,
100,1,8/31/2017 12:14:43,Con encuestador,s칤,"gobierno, poder","Senadores, Diputados Locales",en centros de computo,19,"Derecho, Econom칤a",Femenino,CDMX,PRI,3,gobierno,poder,,gobierno,-,,
100,2,8/31/2017 12:14:43,Con encuestador,s칤,"gobierno, poder","Senadores, Diputados Locales",en centros de computo,19,"Derecho, Econom칤a",Femenino,CDMX,PRI,3,gobierno,poder,,poder,-,,
101,1,8/31/2017 12:16:02,Con encuestador,s칤,Falta de Democracia,Alcaldes,CC,23,Econom칤a,Femenino,Ciudad de M칠xico,PRI,4,Falta de Democracia,,,falta de democracia,neg,,
102,1,8/31/2017 12:21:04,En l칤nea (solo),s칤,"Chapulines, Lujambio, Madero","Diputados Federales, Senadores, Diputados Locales, Alcaldes",Estacionamiento,24,Econom칤a,Masculino,CDMX,Ninguno,,Chapulines,Lujambio,Madero,chapulines,neg,,
102,2,8/31/2017 12:21:04,En l칤nea (solo),s칤,"Chapulines, Lujambio, Madero","Diputados Federales, Senadores, Diputados Locales, Alcaldes",Estacionamiento,24,Econom칤a,Masculino,CDMX,Ninguno,,Chapulines,Lujambio,Madero,Lujambio,pos,,
102,3,8/31/2017 12:21:04,En l칤nea (solo),s칤,"Chapulines, Lujambio, Madero","Diputados Federales, Senadores, Diputados Locales, Alcaldes",Estacionamiento,24,Econom칤a,Masculino,CDMX,Ninguno,,Chapulines,Lujambio,Madero,Madero,neg,,
103,1,8/31/2017 12:22:52,En l칤nea (solo),no,Buen trabajo ,Alcaldes,,31,Otra,Masculino,Quer칠taro ,PAN,5,Buen trabajo ,,,buen gobierno ,pos,,
104,1,8/31/2017 12:24:12,Con encuestador,s칤,Votos Presidente Ciudadanos,"Diputados Federales, Diputados Locales",Cafeter칤a ,20,"Administraci칩n de Empresas, Direcci칩n Financiera",Masculino,CDMX,PAN,,Votos,Presidente,Ciudadanos,voto,pos,,
104,2,8/31/2017 12:24:12,Con encuestador,s칤,Votos Presidente Ciudadanos,"Diputados Federales, Diputados Locales",Cafeter칤a ,20,"Administraci칩n de Empresas, Direcci칩n Financiera",Masculino,CDMX,PAN,,Votos,Presidente,Ciudadanos,presidente,-,,
104,3,8/31/2017 12:24:12,Con encuestador,s칤,Votos Presidente Ciudadanos,"Diputados Federales, Diputados Locales",Cafeter칤a ,20,"Administraci칩n de Empresas, Direcci칩n Financiera",Masculino,CDMX,PAN,,Votos,Presidente,Ciudadanos,ciudadanos,pos,,
105,1,8/31/2017 12:25:31,En l칤nea (solo),no,"Robo, mentira, falsedad","Gobernadores, Alcaldes",,36,Otra,Femenino,Queretaro,PAN,3,Robo,mentira,falsedad,robo,neg,,
105,2,8/31/2017 12:25:31,En l칤nea (solo),no,"Robo, mentira, falsedad","Gobernadores, Alcaldes",,36,Otra,Femenino,Queretaro,PAN,3,Robo,mentira,falsedad,mentira,neg,,
105,3,8/31/2017 12:25:31,En l칤nea (solo),no,"Robo, mentira, falsedad","Gobernadores, Alcaldes",,36,Otra,Femenino,Queretaro,PAN,3,Robo,mentira,falsedad,falsedad,neg,,
106,1,8/31/2017 12:27:12,En l칤nea (solo),s칤,Profirio Diaz ,"Diputados Federales, Senadores, Diputados Locales",Centro de computo ,23,Derecho,Femenino,Distrito federal ,Ninguno,,Profirio Diaz ,,,Porfirio D칤az,neg,,
107,1,8/31/2017 12:29:11,En l칤nea (solo),s칤,Ratificaci칩n de confianza ,"Diputados Federales, Senadores, Diputados Locales, Alcaldes",Biblioteca ,22,Direcci칩n Financiera,Femenino,CDMX ,PAN,2,Ratificaci칩n de confianza ,,,ratificaci칩n,pos,,
107,2,8/31/2017 12:29:11,En l칤nea (solo),s칤,Ratificaci칩n de confianza ,"Diputados Federales, Senadores, Diputados Locales, Alcaldes",Biblioteca ,22,Direcci칩n Financiera,Femenino,CDMX ,PAN,2,Ratificaci칩n de confianza ,,,confianza,pos,,
108,1,8/31/2017 12:29:24,En l칤nea (solo),s칤,Ratificaci칩n de confianza ,"Diputados Federales, Senadores, Diputados Locales, Alcaldes",Biblioteca ,22,Direcci칩n Financiera,Femenino,CDMX ,PAN,2,Ratificaci칩n de confianza ,,,ratificaci칩n,pos,,
108,2,8/31/2017 12:29:24,En l칤nea (solo),s칤,Ratificaci칩n de confianza ,"Diputados Federales, Senadores, Diputados Locales, Alcaldes",Biblioteca ,22,Direcci칩n Financiera,Femenino,CDMX ,PAN,2,Ratificaci칩n de confianza ,,,confianza,pos,,
109,1,8/31/2017 12:29:32,En l칤nea (solo),s칤,Ratificaci칩n de confianza ,"Diputados Federales, Senadores, Diputados Locales, Alcaldes",Biblioteca ,22,Direcci칩n Financiera,Femenino,CDMX ,PAN,2,Ratificaci칩n de confianza ,,,ratificaci칩n,pos,,
109,2,8/31/2017 12:29:32,En l칤nea (solo),s칤,Ratificaci칩n de confianza ,"Diputados Federales, Senadores, Diputados Locales, Alcaldes",Biblioteca ,22,Direcci칩n Financiera,Femenino,CDMX ,PAN,2,Ratificaci칩n de confianza ,,,confianza,pos,,
110,1,8/31/2017 12:30:01,Con encuestador,s칤,PRI Injusto ,Diputados Federales,Obelisco ,20,"Ciencia Pol칤tica, Relaciones Internacionales",Femenino,Guanajuato ,Ninguno,,PRI,Injusto ,,PRI,neg,,
110,2,8/31/2017 12:30:01,Con encuestador,s칤,PRI Injusto ,Diputados Federales,Obelisco ,20,"Ciencia Pol칤tica, Relaciones Internacionales",Femenino,Guanajuato ,Ninguno,,PRI,Injusto ,,injusticia,neg,,
111,1,8/31/2017 12:32:02,En l칤nea (solo),s칤,Mayor representaci칩n ,"Gobernadores, Diputados Federales, Senadores, Diputados Locales, Alcaldes",Clase de econom칤a 3,26,Ciencia Pol칤tica,Masculino,Jalisco ,MORENA,2,Mayor representaci칩n ,,,representaci칩n ,pos,,
112,1,8/31/2017 12:32:31,Con encuestador,s칤,Profesionalizaci칩n Accountability 칄lites ,Diputados Locales,Centro de C칩mputo ,22,Relaciones Internacionales,Femenino,CDMX,PRD,3,Profesionalizaci칩n,Accountability,칄lites ,profecionalizaci칩n,pos,,
112,2,8/31/2017 12:32:31,Con encuestador,s칤,Profesionalizaci칩n Accountability 칄lites ,Diputados Locales,Centro de C칩mputo ,22,Relaciones Internacionales,Femenino,CDMX,PRD,3,Profesionalizaci칩n,Accountability,칄lites ,rendici칩n de cuentas ,pos,,
112,3,8/31/2017 12:32:31,Con encuestador,s칤,Profesionalizaci칩n Accountability 칄lites ,Diputados Locales,Centro de C칩mputo ,22,Relaciones Internacionales,Femenino,CDMX,PRD,3,Profesionalizaci칩n,Accountability,칄lites ,칠lite,neg,,
113,1,8/31/2017 12:33:16,En l칤nea (solo),s칤,"Sufragio efectivo, NO ",Diputados Locales,,24,Ingenier칤a en Negocios,Masculino,Ciudad de Mexico,PAN,3,Sufragio efectivo NO ,,,sufragio efectivo no reelecci칩n,neg,,
114,1,8/31/2017 12:35:10,Con encuestador,s칤,Democracia Corrupci칩n Fraude ,Ninguno,Plaza Amarilla,19,Econom칤a,Masculino,CDMX,PRI,3,Democracia,Corrupci칩n,Fraude ,democracia,pos,,
114,2,8/31/2017 12:35:10,Con encuestador,s칤,Democracia Corrupci칩n Fraude ,Ninguno,Plaza Amarilla,19,Econom칤a,Masculino,CDMX,PRI,3,Democracia,Corrupci칩n,Fraude ,corrupci칩n,neg,,
114,3,8/31/2017 12:35:10,Con encuestador,s칤,Democracia Corrupci칩n Fraude ,Ninguno,Plaza Amarilla,19,Econom칤a,Masculino,CDMX,PRI,3,Democracia,Corrupci칩n,Fraude ,fraude,neg,,
115,1,8/31/2017 12:36:33,En l칤nea (solo),s칤,Volver,"Diputados Federales, Senadores, Diputados Locales",,23,"Direcci칩n Financiera, Contadur칤a, Ingenier칤a en Negocios, Actuar칤a",Femenino,CD.MX. ,Ninguno,,Volver,,,volver,-,,
116,1,8/31/2017 12:38:16,Con encuestador,s칤,"Reelecci칩n, elecci칩n, Creelman","Diputados Federales, Diputados Locales, Alcaldes",Centro de c칩mputo,23,"Ciencia Pol칤tica, Econom칤a",Masculino,NL,Ninguno,,Reelecci칩n,elecci칩n,Creelman,voto,pos,,
116,2,8/31/2017 12:38:16,Con encuestador,s칤,"Reelecci칩n, elecci칩n, Creelman","Diputados Federales, Diputados Locales, Alcaldes",Centro de c칩mputo,23,"Ciencia Pol칤tica, Econom칤a",Masculino,NL,Ninguno,,Reelecci칩n,elecci칩n,Creelman,Creelman,neg,,
117,1,8/31/2017 12:39:26,Con encuestador,s칤,Porfiriato Siglo XX,"Diputados Federales, Diputados Locales, Alcaldes",Torniquetes,22,Econom칤a,Masculino,CDMX ,Ninguno,3,Porfiriato,Siglo XX,,Porfirio D칤az,neg,,
117,2,8/31/2017 12:39:26,Con encuestador,s칤,Porfiriato Siglo XX,"Diputados Federales, Diputados Locales, Alcaldes",Torniquetes,22,Econom칤a,Masculino,CDMX ,Ninguno,3,Porfiriato,Siglo XX,,siglo XX,-,,
118,1,8/31/2017 12:40:47,Con encuestador,s칤,BUENA SINO CONSECUTIVA,"Diputados Federales, Senadores, Diputados Locales, Alcaldes",CC,23,Relaciones Internacionales,Masculino,PERU,Ninguno,5,BUENA SINO CONSECUTIVA,,,no consecutiva,neg,,
119,1,8/31/2017 12:43:03,Con encuestador,s칤,"Estados Unidos, democracia, responsabilidad","Diputados Federales, Diputados Locales, Alcaldes",CC,23,Relaciones Internacionales,Femenino,CDMX,Ninguno,,Estados Unidos,democracia,responsabilidad,EEUU,-,,
119,2,8/31/2017 12:43:03,Con encuestador,s칤,"Estados Unidos, democracia, responsabilidad","Diputados Federales, Diputados Locales, Alcaldes",CC,23,Relaciones Internacionales,Femenino,CDMX,Ninguno,,Estados Unidos,democracia,responsabilidad,democracia,pos,,
119,3,8/31/2017 12:43:03,Con encuestador,s칤,"Estados Unidos, democracia, responsabilidad","Diputados Federales, Diputados Locales, Alcaldes",CC,23,Relaciones Internacionales,Femenino,CDMX,Ninguno,,Estados Unidos,democracia,responsabilidad,responsabilidad,pos,,
120,1,8/31/2017 12:48:20,En l칤nea (solo),s칤,Premiar buena administraci칩n ,"Diputados Federales, Diputados Locales, Alcaldes",Biblioteca ,21,Relaciones Internacionales,Femenino,Sinaloa,Ninguno,,Premiar buena administraci칩n ,,,premio,pos,,
121,1,8/31/2017 12:51:55,En l칤nea (solo),s칤,Buen incentivo,Diputados Federales,,28,"Contadur칤a, Actuar칤a",Masculino,Mexico,PAN,3,Buen incentivo,,,buen gobierno ,pos,,
122,1,8/31/2017 12:52:22,En l칤nea (solo),s칤,"Presidencia, Estados Unidos",Diputados Federales,Sal칩n ,22,Econom칤a,Femenino,CDMX,PAN,4,Presidencia,Estados Unidos,,presidente,-,,
122,2,8/31/2017 12:52:22,En l칤nea (solo),s칤,"Presidencia, Estados Unidos",Diputados Federales,Sal칩n ,22,Econom칤a,Femenino,CDMX,PAN,4,Presidencia,Estados Unidos,,EEUU,-,,
123,1,8/31/2017 12:54:06,Con encuestador,s칤,ilegal,"Diputados Federales, Senadores",cc,22,Econom칤a,Masculino,sinaloa,Ninguno,,ilegal,,,ilegal,neg,,
124,1,8/31/2017 12:55:30,En l칤nea (solo),no,"Dictadura, Fraude","Gobernadores, Diputados Federales, Diputados Locales, Alcaldes",,23,Computaci칩n,Masculino,Quer칠taro ,PRI,2,Dictadura,Fraude,,dictadura,pos,,
124,2,8/31/2017 12:55:30,En l칤nea (solo),no,"Dictadura, Fraude","Gobernadores, Diputados Federales, Diputados Locales, Alcaldes",,23,Computaci칩n,Masculino,Quer칠taro ,PRI,2,Dictadura,Fraude,,fraude,neg,,
125,1,8/31/2017 12:56:33,Con encuestador,s칤,reforma politica,"Diputados Federales, Diputados Locales, Alcaldes",CC,23,"Ciencia Pol칤tica, Econom칤a",Masculino,Morelos,Otro,2,reforma politica,,,reforma pol칤tica,-,,
126,1,8/31/2017 13:02:24,En l칤nea (solo),s칤,"Fallo, democracia, nueva cuenta","Presidente, Diputados Federales, Diputados Locales",Ashakespeare,18,"Ciencia Pol칤tica, Derecho",Femenino,Veracruz ,PAN,3,Fallo,democracia,nueva cuenta,fallo,-,,
126,2,8/31/2017 13:02:24,En l칤nea (solo),s칤,"Fallo, democracia, nueva cuenta","Presidente, Diputados Federales, Diputados Locales",Ashakespeare,18,"Ciencia Pol칤tica, Derecho",Femenino,Veracruz ,PAN,3,Fallo,democracia,nueva cuenta,democracia,pos,,
126,3,8/31/2017 13:02:24,En l칤nea (solo),s칤,"Fallo, democracia, nueva cuenta","Presidente, Diputados Federales, Diputados Locales",Ashakespeare,18,"Ciencia Pol칤tica, Derecho",Femenino,Veracruz ,PAN,3,Fallo,democracia,nueva cuenta,nuevamente,-,,
127,1,8/31/2017 13:05:47,En l칤nea (solo),no,"Volver, repetir ","Diputados Federales, Senadores, Diputados Locales",,22,Ingenier칤a Industrial,Femenino,Queretaro,PRI,1,Volver,repetir ,,volver,-,,
127,2,8/31/2017 13:05:47,En l칤nea (solo),no,"Volver, repetir ","Diputados Federales, Senadores, Diputados Locales",,22,Ingenier칤a Industrial,Femenino,Queretaro,PRI,1,Volver,repetir ,,repetir ,-,,
128,1,8/31/2017 13:14:05,En l칤nea (solo),no,Volver a ser presidente ,"Presidente, Gobernadores, Diputados Federales, Senadores",,23,Otra,Femenino,M칠xico ,PAN,4,Volver a ser presidente ,,,presidente,-,,
128,2,8/31/2017 13:14:05,En l칤nea (solo),no,Volver a ser presidente ,"Presidente, Gobernadores, Diputados Federales, Senadores",,23,Otra,Femenino,M칠xico ,PAN,4,Volver a ser presidente ,,,volver,-,,
129,1,8/31/2017 13:19:13,En l칤nea (solo),no,Corrupci칩n ,"Diputados Federales, Senadores, Diputados Locales",,23,Ciencia Pol칤tica,Femenino,CDMX,Ninguno,,Corrupci칩n ,,,corrupci칩n,neg,,
130,1,8/31/2017 13:19:26,En l칤nea (solo),s칤,"Madero, partidos politicos",Diputados Federales,En pastito,22,Derecho,Femenino,Mexicali ,PAN,1,Madero,partidos politicos,,Madero,neg,,
130,2,8/31/2017 13:19:26,En l칤nea (solo),s칤,"Madero, partidos politicos",Diputados Federales,En pastito,22,Derecho,Femenino,Mexicali ,PAN,1,Madero,partidos politicos,,partidos,-,,
131,1,8/31/2017 13:35:58,En l칤nea (solo),s칤,rendici칩n de cuentas. ,"Diputados Locales, Alcaldes",clase,23,Ciencia Pol칤tica,Masculino,sinaloa,MORENA,3,rendici칩n de cuentas ,,,rendici칩n de cuentas ,pos,,
132,1,8/31/2017 13:37:56,En l칤nea (solo),no,exceso,"Senadores, Diputados Locales",,58,Otra,Masculino,qro,MORENA,2,exceso,,,exceso,neg,,
133,1,8/31/2017 13:46:10,En l칤nea (solo),s칤,Anticonstitucional,"Gobernadores, Diputados Federales, Senadores",,24,Econom칤a,Masculino,CDMX ,PAN,4,Anticonstitucional,,,anticonstitucional,neg,,
134,1,8/31/2017 13:46:55,En l칤nea (solo),s칤,"Accountability, contrapesos, corrupci칩n ","Diputados Federales, Senadores, Alcaldes",El ba침o,22,Ciencia Pol칤tica,Femenino,Ciudad de M칠xico ,Ninguno,,Accountability,contrapesos,corrupci칩n ,rendici칩n de cuentas ,pos,,
134,2,8/31/2017 13:46:55,En l칤nea (solo),s칤,"Accountability, contrapesos, corrupci칩n ","Diputados Federales, Senadores, Alcaldes",El ba침o,22,Ciencia Pol칤tica,Femenino,Ciudad de M칠xico ,Ninguno,,Accountability,contrapesos,corrupci칩n ,contrapesos,pos,,
134,3,8/31/2017 13:46:55,En l칤nea (solo),s칤,"Accountability, contrapesos, corrupci칩n ","Diputados Federales, Senadores, Alcaldes",El ba침o,22,Ciencia Pol칤tica,Femenino,Ciudad de M칠xico ,Ninguno,,Accountability,contrapesos,corrupci칩n ,corrupci칩n,neg,,
135,1,8/31/2017 14:00:01,En l칤nea (solo),s칤,Reeleccion presidencial,Ninguno,Plaza roja,22,Matem치ticas Aplicadas,Femenino,CDMX,PRI,3,Reeleccion presidencial,,,presidente,-,,
136,1,8/31/2017 14:07:10,En l칤nea (solo),s칤,Rendici칩n de cuentas,"Diputados Federales, Diputados Locales, Alcaldes",,20,Derecho,Masculino,Nuevo Le칩n,PAN,4,Rendici칩n de cuentas,,,rendici칩n de cuentas ,pos,,
137,1,8/31/2017 14:09:51,En l칤nea (solo),no,Postularse otra vez ,"Diputados Federales, Senadores, Diputados Locales, Alcaldes",En mi casa ,25,Ciencia Pol칤tica,Femenino,Morelos ,PRI,5,Postularse otra vez ,,,postularse otra vez,-,,
138,1,8/31/2017 14:13:42,En l칤nea (solo),s칤,Estados Unidos,Ninguno,,23,Actuar칤a,Femenino,Estado de M칠xico,PAN,4,Estados Unidos,,,EEUU,-,,
139,1,8/31/2017 14:18:56,En l칤nea (solo),no,Poder voto bienestar ,"Diputados Locales, Alcaldes",,26,Actuar칤a,Masculino,Cdmx,PAN,3,Poder,voto,bienestar ,poder,-,,
139,2,8/31/2017 14:18:56,En l칤nea (solo),no,Poder voto bienestar ,"Diputados Locales, Alcaldes",,26,Actuar칤a,Masculino,Cdmx,PAN,3,Poder,voto,bienestar ,voto,pos,,
139,3,8/31/2017 14:18:56,En l칤nea (solo),no,Poder voto bienestar ,"Diputados Locales, Alcaldes",,26,Actuar칤a,Masculino,Cdmx,PAN,3,Poder,voto,bienestar ,bienestar ,pos,,
140,1,8/31/2017 14:19:31,En l칤nea (solo),no,"Sufragio, Efectivo, No","Diputados Federales, Senadores",,24,"Ciencia Pol칤tica, Otra",Femenino,CDMX,Ninguno,,Sufragio Efectivo No,,,sufragio efectivo no reelecci칩n,neg,,
141,1,8/31/2017 14:26:15,En l칤nea (solo),no,CONTINUIDAD ,Alcaldes,,23,Relaciones Internacionales,Femenino,ESTADO DE M칄XICO,PRI,4,CONTINUIDAD ,,,continuidad,pos,,
142,1,8/31/2017 14:26:43,Con encuestador,s칤,PRI D칠ficit Arrepentimiento,Diputados Locales,Ahui Wi,22,Computaci칩n,Masculino,CDMX,PAN,4,PRI,D칠ficit,Arrepentimiento,PRI,neg,,
142,2,8/31/2017 14:26:43,Con encuestador,s칤,PRI D칠ficit Arrepentimiento,Diputados Locales,Ahui Wi,22,Computaci칩n,Masculino,CDMX,PAN,4,PRI,D칠ficit,Arrepentimiento,d칠ficit,neg,,
142,3,8/31/2017 14:26:43,Con encuestador,s칤,PRI D칠ficit Arrepentimiento,Diputados Locales,Ahui Wi,22,Computaci칩n,Masculino,CDMX,PAN,4,PRI,D칠ficit,Arrepentimiento,arrepentimiento,neg,,
143,1,8/31/2017 14:34:36,En l칤nea (solo),s칤,POLITICA PARTIDOS LEY,Diputados Federales,,26,"Ciencia Pol칤tica, Relaciones Internacionales",Femenino,CIUDAD DE M칄XICO,PAN,2,POLITICA,PARTIDOS,LEY,pol칤tica,-,,
143,2,8/31/2017 14:34:36,En l칤nea (solo),s칤,POLITICA PARTIDOS LEY,Diputados Federales,,26,"Ciencia Pol칤tica, Relaciones Internacionales",Femenino,CIUDAD DE M칄XICO,PAN,2,POLITICA,PARTIDOS,LEY,partidos,-,,
143,3,8/31/2017 14:34:36,En l칤nea (solo),s칤,POLITICA PARTIDOS LEY,Diputados Federales,,26,"Ciencia Pol칤tica, Relaciones Internacionales",Femenino,CIUDAD DE M칄XICO,PAN,2,POLITICA,PARTIDOS,LEY,ley,-,,
144,1,8/31/2017 14:36:04,En l칤nea (solo),no,NO ES POSIBLE,Alcaldes,,19,Otra,Masculino,CIUDAD DE M칄XICO,PAN,2,NO ES POSIBLE,,,jam치s/춰NO!/no por favor,neg,,
145,1,8/31/2017 14:39:14,En l칤nea (solo),no,ESTADOS UNIDOS,"Diputados Federales, Senadores, Diputados Locales, Alcaldes",,31,Otra,Femenino,SAN LUIS POTOS칈,Ninguno,,ESTADOS UNIDOS,,,EEUU,-,,
146,1,8/31/2017 14:40:21,En l칤nea (solo),no,Accountability,"Diputados Federales, Senadores, Diputados Locales, Alcaldes",,29,Ciencia Pol칤tica,Femenino,Ciudad de M칠xico,Ninguno,,Accountability,,,rendici칩n de cuentas ,pos,,
147,1,8/31/2017 14:42:09,En l칤nea (solo),s칤,NO GRITES,"Gobernadores, Diputados Federales",,22,Econom칤a,Femenino,Michoac치n,PVEM,4,NO GRITES,,,jam치s/춰NO!/no por favor,neg,,
148,1,8/31/2017 14:44:54,En l칤nea (solo),s칤,Rendici칩n de cuentas,"Senadores, Alcaldes",,24,Relaciones Internacionales,Femenino,Ciudad de M칠xico,PAN,4,Rendici칩n de cuentas,,,rendici칩n de cuentas ,pos,,
149,1,8/31/2017 14:45:03,En l칤nea (solo),no,Deseable,"Diputados Federales, Senadores, Diputados Locales, Alcaldes",,23,Otra,Masculino,Veracruz,Ninguno,,Deseable,,,deseable,pos,,
150,1,8/31/2017 14:45:56,En l칤nea (solo),s칤,Accountability,"Diputados Federales, Senadores, Diputados Locales, Alcaldes",,24,Ciencia Pol칤tica,Femenino,Ciudad de mexico,MORENA,4,Accountability,,,rendici칩n de cuentas ,pos,,
151,1,8/31/2017 14:47:28,En l칤nea (solo),no,"corrupcion, NO, Francisco I Madero","Diputados Federales, Senadores",,30,Administraci칩n de Empresas,Femenino,Cdmx,Ninguno,,corrupci칩n,NO,Francisco I Madero,corrupci칩n,neg,,
151,2,8/31/2017 14:47:28,En l칤nea (solo),no,"corrupcion, NO, Francisco I Madero","Diputados Federales, Senadores",,30,Administraci칩n de Empresas,Femenino,Cdmx,Ninguno,,corrupci칩n,NO,Francisco I Madero,jam치s/춰NO!/no por favor,neg,,
151,3,8/31/2017 14:47:28,En l칤nea (solo),no,"corrupcion, NO, Francisco I Madero","Diputados Federales, Senadores",,30,Administraci칩n de Empresas,Femenino,Cdmx,Ninguno,,corrupci칩n,NO,Francisco I Madero,Madero,neg,,
152,1,8/31/2017 14:48:56,En l칤nea (solo),s칤,FRAUDE,"Diputados Federales, Senadores, Diputados Locales, Alcaldes",,22,Ciencia Pol칤tica,Femenino,CDMX,Ninguno,,FRAUDE,,,fraude,neg,,
153,1,8/31/2017 14:50:19,En l칤nea (solo),no,Profesionalizaci칩n Legislativa ,"Diputados Federales, Senadores, Diputados Locales, Alcaldes",,29,Ciencia Pol칤tica,Femenino,Puebla,PRI,3,Profesionalizaci칩n Legislativa ,,,profecionalizaci칩n,pos,,
154,1,8/31/2017 14:56:48,En l칤nea (solo),no,Fraude manipulaci칩n incapacidad ,Ninguno,Palmeras,21,Otra,Masculino,Jalisco ,PRD,1,Fraude,manipulaci칩n,incapacidad ,fraude,neg,,
154,2,8/31/2017 14:56:48,En l칤nea (solo),no,Fraude manipulaci칩n incapacidad ,Ninguno,Palmeras,21,Otra,Masculino,Jalisco ,PRD,1,Fraude,manipulaci칩n,incapacidad ,manipulaci칩n,neg,,
154,3,8/31/2017 14:56:48,En l칤nea (solo),no,Fraude manipulaci칩n incapacidad ,Ninguno,Palmeras,21,Otra,Masculino,Jalisco ,PRD,1,Fraude,manipulaci칩n,incapacidad ,incapacidad ,neg,,
155,1,8/31/2017 15:09:36,En l칤nea (solo),s칤,Anticonstitucional ,Ninguno,Trabajo ,23,"Matem치ticas Aplicadas, Computaci칩n",Femenino,Df,MORENA,3,Anticonstitucional ,,,anticonstitucional,neg,,
156,1,8/31/2017 15:19:12,En l칤nea (solo),s칤,"Hegemon칤a priista, dictadura ","Diputados Federales, Senadores, Diputados Locales",No estoy ,29,Econom칤a,Femenino,Puebla ,PAN,4,Hegemon칤a priista,dictadura ,,Hegemon칤a priista,neg,,
156,2,8/31/2017 15:19:12,En l칤nea (solo),s칤,"Hegemon칤a priista, dictadura ","Diputados Federales, Senadores, Diputados Locales",No estoy ,29,Econom칤a,Femenino,Puebla ,PAN,4,Hegemon칤a priista,dictadura ,,dictadura ,pos,,
157,1,8/31/2017 15:22:30,En l칤nea (solo),s칤,Democracia Poder Tiempo,"Diputados Federales, Senadores, Diputados Locales, Alcaldes",,26,Ciencia Pol칤tica,Masculino,Tabasco,Ninguno,,Democracia,Poder,Tiempo,democracia,pos,,
157,2,8/31/2017 15:22:30,En l칤nea (solo),s칤,Democracia Poder Tiempo,"Diputados Federales, Senadores, Diputados Locales, Alcaldes",,26,Ciencia Pol칤tica,Masculino,Tabasco,Ninguno,,Democracia,Poder,Tiempo,poder,-,,
157,3,8/31/2017 15:22:30,En l칤nea (solo),s칤,Democracia Poder Tiempo,"Diputados Federales, Senadores, Diputados Locales, Alcaldes",,26,Ciencia Pol칤tica,Masculino,Tabasco,Ninguno,,Democracia,Poder,Tiempo,tiempo,neg,,
158,1,8/31/2017 15:23:35,En l칤nea (solo),s칤,"continuidad, favorable","Diputados Federales, Senadores, Diputados Locales",oficina,22,"Ciencia Pol칤tica, Relaciones Internacionales",Femenino,Edomex,Ninguno,,continuidad,favorable,,continuidad,pos,,
158,2,8/31/2017 15:23:35,En l칤nea (solo),s칤,"continuidad, favorable","Diputados Federales, Senadores, Diputados Locales",oficina,22,"Ciencia Pol칤tica, Relaciones Internacionales",Femenino,Edomex,Ninguno,,continuidad,favorable,,bien,pos,,
159,1,8/31/2017 15:23:48,En l칤nea (solo),s칤,Posibilidad de mejor gobierno. ,"Diputados Locales, Alcaldes",,23,Actuar칤a,Masculino,Quer칠taro,PAN,3,Posibilidad de mejor gobierno ,,,buen gobierno ,pos,,
160,1,8/31/2017 15:26:39,En l칤nea (solo),no,No Por Favor,"Presidente, Gobernadores, Diputados Federales, Senadores",,25,Otra,Femenino,Cuidad de M칠xico ,Ninguno,,No Por Favor,,,jam치s/춰NO!/no por favor,neg,,
161,1,8/31/2017 15:38:10,En l칤nea (solo),no,Rendici칩n de cuentas,"Diputados Federales, Senadores, Diputados Locales, Alcaldes",,21,Ciencia Pol칤tica,Masculino,Ciudad de M칠xico,PAN,2,Rendici칩n de cuentas,,,rendici칩n de cuentas ,pos,,
162,1,8/31/2017 15:46:33,En l칤nea (solo),s칤,RECOMPENSA,"Gobernadores, Diputados Federales, Senadores, Diputados Locales, Alcaldes",,23,Relaciones Internacionales,Femenino,CDMX,PAN,3,RECOMPENSA,,,premio,pos,,
163,1,8/31/2017 16:02:23,Con encuestador,no,Segunda oportunidad,"Presidente, Gobernadores, Diputados Federales, Senadores, Diputados Locales, Alcaldes",,26,Derecho,Femenino,Quer칠taro,Ninguno,,Segunda oportunidad,,,segunda oportunidad,pos,,
164,1,8/31/2017 16:11:43,En l칤nea (solo),s칤,"Fraude, tramposos crisis","Diputados Federales, Senadores",Trabajo,24,Otra,Femenino,Morelos,PAN,4,Fraude,tramposos,crisis,fraude,neg,,
164,2,8/31/2017 16:11:43,En l칤nea (solo),s칤,"Fraude, tramposos crisis","Diputados Federales, Senadores",Trabajo,24,Otra,Femenino,Morelos,PAN,4,Fraude,tramposos,crisis,tramposos,neg,,
164,3,8/31/2017 16:11:43,En l칤nea (solo),s칤,"Fraude, tramposos crisis","Diputados Federales, Senadores",Trabajo,24,Otra,Femenino,Morelos,PAN,4,Fraude,tramposos,crisis,crisis,neg,,
165,1,8/31/2017 16:23:03,Con encuestador,s칤,Democracia pol칤tica Ju치rez ,Diputados Federales,Palmeras ,19,"Direcci칩n Financiera, Ingenier칤a en Negocios",Femenino,CDMX,PRI,4,Democracia,pol칤tica,Ju치rez ,democracia,pos,,
165,2,8/31/2017 16:23:03,Con encuestador,s칤,Democracia pol칤tica Ju치rez ,Diputados Federales,Palmeras ,19,"Direcci칩n Financiera, Ingenier칤a en Negocios",Femenino,CDMX,PRI,4,Democracia,pol칤tica,Ju치rez ,pol칤tica,-,,
165,3,8/31/2017 16:23:03,Con encuestador,s칤,Democracia pol칤tica Ju치rez ,Diputados Federales,Palmeras ,19,"Direcci칩n Financiera, Ingenier칤a en Negocios",Femenino,CDMX,PRI,4,Democracia,pol칤tica,Ju치rez ,Ju치rez ,-,,
166,1,8/31/2017 16:38:43,En l칤nea (solo),s칤,Rendicion de cuentas,"Gobernadores, Diputados Federales, Senadores, Diputados Locales, Alcaldes",,25,Ciencia Pol칤tica,Femenino,CDMX,MORENA,4,Rendicion de cuentas,,,rendici칩n de cuentas ,pos,,
167,1,8/31/2017 16:49:53,En l칤nea (solo),s칤,"Seguimiento, autoritario, revoluci칩n. ","Diputados Federales, Senadores, Diputados Locales, Alcaldes",Biblioteca,22,"Relaciones Internacionales, Econom칤a",Masculino,Veracruz,PAN,3,Seguimiento,autoritario,revoluci칩n. ,seguimiento,pos,,
167,2,8/31/2017 16:49:53,En l칤nea (solo),s칤,"Seguimiento, autoritario, revoluci칩n. ","Diputados Federales, Senadores, Diputados Locales, Alcaldes",Biblioteca,22,"Relaciones Internacionales, Econom칤a",Masculino,Veracruz,PAN,3,Seguimiento,autoritario,revoluci칩n. ,autoritario,neg,,
167,3,8/31/2017 16:49:53,En l칤nea (solo),s칤,"Seguimiento, autoritario, revoluci칩n. ","Diputados Federales, Senadores, Diputados Locales, Alcaldes",Biblioteca,22,"Relaciones Internacionales, Econom칤a",Masculino,Veracruz,PAN,3,Seguimiento,autoritario,revoluci칩n. ,Revoluci칩n,neg,,
168,1,8/31/2017 16:59:54,En l칤nea (solo),no,Responsabilidad ,Diputados Locales,,34,Otra,Femenino,Quer칠taro ,PAN,4,Responsabilidad ,,,responsabilidad,pos,,
169,1,8/31/2017 17:11:36,En l칤nea (solo),s칤,Horror,Ninguno,Cafe,23,Contadur칤a,Femenino,Ciudad de mexico,PAN,2,Horror,,,horror,neg,,
170,1,8/31/2017 17:50:52,En l칤nea (solo),no,Volver a elegir,"Diputados Federales, Senadores",,22,Otra,Masculino,Quer칠taro ,PAN,3,Volver a elegir,,,volver,-,,
171,1,8/31/2017 18:13:07,En l칤nea (solo),no,Confianza buen trabajo,Ninguno,,26,Otra,Femenino,Queretaro,PAN,3,Confianza buen trabajo,,,confianza,pos,,
171,2,8/31/2017 18:13:07,En l칤nea (solo),no,Confianza buen trabajo,Ninguno,,26,Otra,Femenino,Queretaro,PAN,3,Confianza buen trabajo,,,buen gobierno ,pos,,
172,1,8/31/2017 18:15:09,En l칤nea (solo),no,Lo mismo,"Diputados Federales, Senadores, Diputados Locales",,38,Otra,Femenino,Jalisco,PRI,3,Lo mismo,,,lo mismo,neg,,
173,1,8/31/2017 18:48:49,En l칤nea (solo),no,Seguir robando y seguir con la corrupci칩n,"Diputados Federales, Diputados Locales, Alcaldes",,41,Otra,Masculino,queretaro,PAN,2,Seguir robando y seguir con la corrupci칩n,,,robo,neg,,
173,2,8/31/2017 18:48:49,En l칤nea (solo),no,Seguir robando y seguir con la corrupci칩n,"Diputados Federales, Diputados Locales, Alcaldes",,41,Otra,Masculino,queretaro,PAN,2,Seguir robando y seguir con la corrupci칩n,,,corrupci칩n,neg,,
174,1,8/31/2017 18:57:47,En l칤nea (solo),s칤,Porfiriato,"Diputados Federales, Diputados Locales, Alcaldes",,21,Ciencia Pol칤tica,Masculino,Morelos,PAN,4,Porfiriato,,,Porfirio D칤az,neg,,
175,1,8/31/2017 19:15:34,En l칤nea (solo),s칤,Poder representaci칩n dinero,"Gobernadores, Diputados Federales, Senadores, Diputados Locales, Alcaldes",Cc,24,Ingenier칤a Industrial,Masculino,Cdmx,Ninguno,,Poder representaci칩n dinero,,,poder,-,,
175,2,8/31/2017 19:15:34,En l칤nea (solo),s칤,Poder representaci칩n dinero,"Gobernadores, Diputados Federales, Senadores, Diputados Locales, Alcaldes",Cc,24,Ingenier칤a Industrial,Masculino,Cdmx,Ninguno,,Poder representaci칩n dinero,,,representaci칩n,pos,,
175,3,8/31/2017 19:15:34,En l칤nea (solo),s칤,Poder representaci칩n dinero,"Gobernadores, Diputados Federales, Senadores, Diputados Locales, Alcaldes",Cc,24,Ingenier칤a Industrial,Masculino,Cdmx,Ninguno,,Poder representaci칩n dinero,,,dinero,neg,,
176,1,8/31/2017 19:23:51,En l칤nea (solo),s칤,Votaci칩n elecci칩n INE ,Alcaldes,Cafeter칤a ,23,Ciencia Pol칤tica,Masculino,CDMX ,PRI,4,votaci칩n,elecci칩n,INE,voto,pos,,
176,2,8/31/2017 19:23:51,En l칤nea (solo),s칤,Votaci칩n elecci칩n INE ,Alcaldes,Cafeter칤a ,23,Ciencia Pol칤tica,Masculino,CDMX ,PRI,4,votaci칩n,elecci칩n,INE,elegir,-,,
176,3,8/31/2017 19:23:51,En l칤nea (solo),s칤,Votaci칩n elecci칩n INE ,Alcaldes,Cafeter칤a ,23,Ciencia Pol칤tica,Masculino,CDMX ,PRI,4,votaci칩n,elecci칩n,INE,INE,-,,
177,1,8/31/2017 19:26:45,En l칤nea (solo),s칤,Porfirio D칤az ,Presidente,,23,"Actuar칤a, Ingenier칤a Industrial",Masculino,Ciudad de M칠xico ,Ninguno,,Porfirio D칤az ,,,Porfirio D칤az,neg,,
178,1,8/31/2017 19:48:28,En l칤nea (solo),s칤,"Tab칰, democracia, premio","Diputados Federales, Senadores, Alcaldes",,23,Econom칤a,Masculino,Df,Ninguno,,Tab칰,democracia,premio,tab칰,pos,,
178,2,8/31/2017 19:48:28,En l칤nea (solo),s칤,"Tab칰, democracia, premio","Diputados Federales, Senadores, Alcaldes",,23,Econom칤a,Masculino,Df,Ninguno,,Tab칰,democracia,premio,democracia,pos,,
178,3,8/31/2017 19:48:28,En l칤nea (solo),s칤,"Tab칰, democracia, premio","Diputados Federales, Senadores, Alcaldes",,23,Econom칤a,Masculino,Df,Ninguno,,Tab칰,democracia,premio,premio,pos,,
179,1,8/31/2017 19:55:06,En l칤nea (solo),s칤,Continuidad ,"Diputados Federales, Senadores",Estoy en el coche men ,22,"Ciencia Pol칤tica, Derecho, Administraci칩n de Empresas, Direcci칩n Financiera, Contadur칤a, Relaciones Internacionales, Mecatr칩nica, Matem치ticas Aplicadas, Computaci칩n, Ingenier칤a en Negocios, Telecomunicaciones, Actuar칤a, Econom칤a, Ingenier칤a Industrial, Otra",Masculino,Edomex ,PAN,3,Continuidad ,,,continuidad,pos,,
180,1,8/31/2017 20:03:58,En l칤nea (solo),s칤,Democracia ,"Diputados Federales, Senadores, Diputados Locales",,23,Ingenier칤a en Negocios,Masculino,M칠xico ,PAN,4,Democracia ,,,democracia,pos,,
181,1,8/31/2017 20:18:58,En l칤nea (solo),s칤,Est치tico. Hechos. Corrupci칩n. ,Alcaldes,,23,Econom칤a,Masculino,Campeche,Ninguno,,Est치tico,Hechos,Corrupci칩n,est치tico,-,,
181,2,8/31/2017 20:18:58,En l칤nea (solo),s칤,Est치tico. Hechos. Corrupci칩n. ,Alcaldes,,23,Econom칤a,Masculino,Campeche,Ninguno,,Est치tico,Hechos,Corrupci칩n,hechos,pos,,
181,3,8/31/2017 20:18:58,En l칤nea (solo),s칤,Est치tico. Hechos. Corrupci칩n. ,Alcaldes,,23,Econom칤a,Masculino,Campeche,Ninguno,,Est치tico,Hechos,Corrupci칩n,corrupci칩n,neg,,
182,1,8/31/2017 20:30:12,En l칤nea (solo),no,"Repetir, retomar, ",Alcaldes,,17,Otra,Masculino,Queretaro ,PAN,5,Repetir,retomar,,repetir ,-,,
182,2,8/31/2017 20:30:12,En l칤nea (solo),no,"Repetir, retomar, ",Alcaldes,,17,Otra,Masculino,Queretaro ,PAN,5,Repetir,retomar,,retomar,-,,
183,1,8/31/2017 20:30:16,En l칤nea (solo),no,"Continuidad, democracia, perpetuidad","Diputados Federales, Senadores, Diputados Locales, Alcaldes",,23,Actuar칤a,Masculino,CDMX,Ninguno,,Continuidad,democracia,perpetuidad,continuidad,pos,,
183,2,8/31/2017 20:30:16,En l칤nea (solo),no,"Continuidad, democracia, perpetuidad","Diputados Federales, Senadores, Diputados Locales, Alcaldes",,23,Actuar칤a,Masculino,CDMX,Ninguno,,Continuidad,democracia,perpetuidad,democracia,pos,,
183,3,8/31/2017 20:30:16,En l칤nea (solo),no,"Continuidad, democracia, perpetuidad","Diputados Federales, Senadores, Diputados Locales, Alcaldes",,23,Actuar칤a,Masculino,CDMX,Ninguno,,Continuidad,democracia,perpetuidad,perpetuidad,neg,,
184,1,8/31/2017 20:58:54,En l칤nea (solo),no,"Fraude, ambici칩n, mentira","Gobernadores, Alcaldes",,49,Otra,Femenino,Ciudad de M칠xico ,PRI,3,Fraude,ambici칩n,mentira,fraude,neg,,
184,2,8/31/2017 20:58:54,En l칤nea (solo),no,"Fraude, ambici칩n, mentira","Gobernadores, Alcaldes",,49,Otra,Femenino,Ciudad de M칠xico ,PRI,3,Fraude,ambici칩n,mentira,ambici칩n,neg,,
184,3,8/31/2017 20:58:54,En l칤nea (solo),no,"Fraude, ambici칩n, mentira","Gobernadores, Alcaldes",,49,Otra,Femenino,Ciudad de M칠xico ,PRI,3,Fraude,ambici칩n,mentira,mentira,neg,,
185,1,8/31/2017 22:22:57,En l칤nea (solo),no,Municipal M칠xico nueva,Alcaldes,,22,Relaciones Internacionales,Masculino,Quer칠taro,Ninguno,,Municipal,M칠xico,nueva,alcaldes,-,,
185,2,8/31/2017 22:22:57,En l칤nea (solo),no,Municipal M칠xico nueva,Alcaldes,,22,Relaciones Internacionales,Masculino,Quer칠taro,Ninguno,,Municipal,M칠xico,nueva,M칠xico,-,,
185,3,8/31/2017 22:22:57,En l칤nea (solo),no,Municipal M칠xico nueva,Alcaldes,,22,Relaciones Internacionales,Masculino,Quer칠taro,Ninguno,,Municipal,M칠xico,nueva,nuevamente,-,,
186,1,8/31/2017 22:27:20,En l칤nea (solo),no,Repetir puestos gobierno,Ninguno,,38,Otra,Femenino,Queretaro ,PAN,3,Repetir,puestos,gobierno,repetir ,-,,
186,2,8/31/2017 22:27:20,En l칤nea (solo),no,Repetir puestos gobierno,Ninguno,,38,Otra,Femenino,Queretaro ,PAN,3,Repetir,puestos,gobierno,puestos,-,,
186,3,8/31/2017 22:27:20,En l칤nea (solo),no,Repetir puestos gobierno,Ninguno,,38,Otra,Femenino,Queretaro ,PAN,3,Repetir,puestos,gobierno,gobierno,-,,
187,1,8/31/2017 22:40:01,En l칤nea (solo),s칤,Aprobaci칩n liderazgo y democracia ,Gobernadores,No ,23,Actuar칤a,Masculino,Estado de M칠xico ,Ninguno,5,Aprobaci칩n,liderazgo,democracia ,aprobaci칩n,pos,,
187,2,8/31/2017 22:40:01,En l칤nea (solo),s칤,Aprobaci칩n liderazgo y democracia ,Gobernadores,No ,23,Actuar칤a,Masculino,Estado de M칠xico ,Ninguno,5,Aprobaci칩n,liderazgo,democracia ,liderazgo,pos,,
187,3,8/31/2017 22:40:01,En l칤nea (solo),s칤,Aprobaci칩n liderazgo y democracia ,Gobernadores,No ,23,Actuar칤a,Masculino,Estado de M칠xico ,Ninguno,5,Aprobaci칩n,liderazgo,democracia ,democracia ,pos,,
188,1,9/1/2017 9:16:09,En l칤nea (solo),no,Accountability responsiveness justice,"Diputados Federales, Diputados Locales, Alcaldes",,26,Ciencia Pol칤tica,Masculino,Df ,PAN,2,Accountability,responsiveness,justice,rendici칩n de cuentas ,pos,,
188,2,9/1/2017 9:16:09,En l칤nea (solo),no,Accountability responsiveness justice,"Diputados Federales, Diputados Locales, Alcaldes",,26,Ciencia Pol칤tica,Masculino,Df ,PAN,2,Accountability,responsiveness,justice,responsiveness,pos,,
188,3,9/1/2017 9:16:09,En l칤nea (solo),no,Accountability responsiveness justice,"Diputados Federales, Diputados Locales, Alcaldes",,26,Ciencia Pol칤tica,Masculino,Df ,PAN,2,Accountability,responsiveness,justice,justicia,pos,,
189,1,9/1/2017 14:36:48,Con encuestador,s칤,representacion gobierno revolucion,"Diputados Federales, Senadores, Diputados Locales",Plaza Roja,22,Econom칤a,Masculino,CDMX,Ninguno,,representaci칩n,gobierno,revoluci칩n,representaci칩n,pos,,
189,2,9/1/2017 14:36:48,Con encuestador,s칤,representacion gobierno revolucion,"Diputados Federales, Senadores, Diputados Locales",Plaza Roja,22,Econom칤a,Masculino,CDMX,Ninguno,,representaci칩n,gobierno,revoluci칩n,gobierno,-,,
189,3,9/1/2017 14:36:48,Con encuestador,s칤,representacion gobierno revolucion,"Diputados Federales, Senadores, Diputados Locales",Plaza Roja,22,Econom칤a,Masculino,CDMX,Ninguno,,representaci칩n,gobierno,revoluci칩n,Revoluci칩n,neg,,
190,1,9/1/2017 14:46:13,Con encuestador,s칤,ley revolucion madero,"Gobernadores, Diputados Federales, Senadores, Diputados Locales",Plaza Roja,21,Econom칤a,Masculino,CDMX,Ninguno,,ley,revoluci칩n,Madero,ley,-,,
190,2,9/1/2017 14:46:13,Con encuestador,s칤,ley revolucion madero,"Gobernadores, Diputados Federales, Senadores, Diputados Locales",Plaza Roja,21,Econom칤a,Masculino,CDMX,Ninguno,,ley,revoluci칩n,Madero,Revoluci칩n,neg,,
190,3,9/1/2017 14:46:13,Con encuestador,s칤,ley revolucion madero,"Gobernadores, Diputados Federales, Senadores, Diputados Locales",Plaza Roja,21,Econom칤a,Masculino,CDMX,Ninguno,,ley,revoluci칩n,Madero,Madero,neg,,
191,1,9/1/2017 15:13:42,Con encuestador,s칤,poder accountability ley,"Gobernadores, Diputados Federales, Senadores, Diputados Locales, Alcaldes",palmeras,23,Relaciones Internacionales,Femenino,edo de mex,Ninguno,,poder,accountability,ley,poder,-,,
191,2,9/1/2017 15:13:42,Con encuestador,s칤,poder accountability ley,"Gobernadores, Diputados Federales, Senadores, Diputados Locales, Alcaldes",palmeras,23,Relaciones Internacionales,Femenino,edo de mex,Ninguno,,poder,accountability,ley,rendici칩n de cuentas ,pos,,
191,3,9/1/2017 15:13:42,Con encuestador,s칤,poder accountability ley,"Gobernadores, Diputados Federales, Senadores, Diputados Locales, Alcaldes",palmeras,23,Relaciones Internacionales,Femenino,edo de mex,Ninguno,,poder,accountability,ley,ley,-,,
192,1,9/1/2017 15:15:05,Con encuestador,s칤,reforma gobierno robo,"Gobernadores, Diputados Federales, Senadores, Diputados Locales, Alcaldes",palmeras,23,Relaciones Internacionales,Femenino,cdmx,Ninguno,,reforma,gobierno,robo,reforma pol칤tica,-,,
192,2,9/1/2017 15:15:05,Con encuestador,s칤,reforma gobierno robo,"Gobernadores, Diputados Federales, Senadores, Diputados Locales, Alcaldes",palmeras,23,Relaciones Internacionales,Femenino,cdmx,Ninguno,,reforma,gobierno,robo,gobierno,-,,
192,3,9/1/2017 15:15:05,Con encuestador,s칤,reforma gobierno robo,"Gobernadores, Diputados Federales, Senadores, Diputados Locales, Alcaldes",palmeras,23,Relaciones Internacionales,Femenino,cdmx,Ninguno,,reforma,gobierno,robo,robo,neg,,
193,1,9/1/2017 15:24:40,En l칤nea (solo),s칤,misma persona,Diputados Locales,restaurante,23,Contadur칤a,Femenino,cdmx,Ninguno,,misma persona,,,misma persona,-,,
194,1,9/1/2017 15:27:40,Con encuestador,s칤,INE cargos constitucion,"Diputados Federales, Senadores, Diputados Locales",cafeteria,20,Ingenier칤a en Negocios,Masculino,cdmx,Ninguno,,INE,cargos,constitucion,INE,-,,
194,2,9/1/2017 15:27:40,Con encuestador,s칤,INE cargos constitucion,"Diputados Federales, Senadores, Diputados Locales",cafeteria,20,Ingenier칤a en Negocios,Masculino,cdmx,Ninguno,,INE,cargos,constitucion,cargos,-,,
194,3,9/1/2017 15:27:40,Con encuestador,s칤,INE cargos constitucion,"Diputados Federales, Senadores, Diputados Locales",cafeteria,20,Ingenier칤a en Negocios,Masculino,cdmx,Ninguno,,INE,cargos,constitucion,constituci칩n ,-,,
195,1,9/1/2017 15:30:20,Con encuestador,s칤,congreso reforma derecho,"Gobernadores, Diputados Federales, Senadores, Diputados Locales, Alcaldes",silloncitos,24,Actuar칤a,Masculino,cdmx,Ninguno,,congreso,reforma,derecho,Congreso,-,,
195,2,9/1/2017 15:30:20,Con encuestador,s칤,congreso reforma derecho,"Gobernadores, Diputados Federales, Senadores, Diputados Locales, Alcaldes",silloncitos,24,Actuar칤a,Masculino,cdmx,Ninguno,,congreso,reforma,derecho,reforma pol칤tica,-,,
195,3,9/1/2017 15:30:20,Con encuestador,s칤,congreso reforma derecho,"Gobernadores, Diputados Federales, Senadores, Diputados Locales, Alcaldes",silloncitos,24,Actuar칤a,Masculino,cdmx,Ninguno,,congreso,reforma,derecho,un derecho,pos,,
196,1,9/1/2017 15:36:28,Con encuestador,s칤,imposible corrupcion impunidad,Ninguno,palmeras,19,Administraci칩n de Empresas,Masculino,Estado de Mexico,Ninguno,,imposible,corrupci칩n,impunidad,imposible,neg,,
196,2,9/1/2017 15:36:28,Con encuestador,s칤,imposible corrupcion impunidad,Ninguno,palmeras,19,Administraci칩n de Empresas,Masculino,Estado de Mexico,Ninguno,,imposible,corrupci칩n,impunidad,corrupci칩n,neg,,
196,3,9/1/2017 15:36:28,Con encuestador,s칤,imposible corrupcion impunidad,Ninguno,palmeras,19,Administraci칩n de Empresas,Masculino,Estado de Mexico,Ninguno,,imposible,corrupci칩n,impunidad,impunidad,neg,,
197,1,9/1/2017 15:39:42,Con encuestador,s칤,corrupcion antiguo pri,"Diputados Federales, Senadores, Diputados Locales, Alcaldes",cc,24,Ingenier칤a Industrial,Masculino,cdmx,PRI,4,corrupcion,antiguo pri,,corrupci칩n,neg,,
197,2,9/1/2017 15:39:42,Con encuestador,s칤,corrupcion antiguo pri,"Diputados Federales, Senadores, Diputados Locales, Alcaldes",cc,24,Ingenier칤a Industrial,Masculino,cdmx,PRI,4,corrupcion,antiguo pri,,PRI,neg,,
198,1,9/1/2017 15:41:41,Con encuestador,s칤,posibilidad perpetuidad constitucion,"Diputados Federales, Senadores, Diputados Locales",cc,24,Actuar칤a,Femenino,cdmx,Ninguno,,posibilidad,perpetuidad,constitucion,posibilidad,-,,
198,2,9/1/2017 15:41:41,Con encuestador,s칤,posibilidad perpetuidad constitucion,"Diputados Federales, Senadores, Diputados Locales",cc,24,Actuar칤a,Femenino,cdmx,Ninguno,,posibilidad,perpetuidad,constitucion,perpetuidad,neg,,
198,3,9/1/2017 15:41:41,Con encuestador,s칤,posibilidad perpetuidad constitucion,"Diputados Federales, Senadores, Diputados Locales",cc,24,Actuar칤a,Femenino,cdmx,Ninguno,,posibilidad,perpetuidad,constitucion,constituci칩n ,-,,
199,1,9/1/2017 15:44:26,Con encuestador,s칤,propuesta independiente progresivo,"Gobernadores, Diputados Federales, Senadores, Diputados Locales, Alcaldes",plaza amarilla,23,Econom칤a,Femenino,puebla,Ninguno,,propuesta,independiente,progresivo,propuesta,pos,,
199,2,9/1/2017 15:44:26,Con encuestador,s칤,propuesta independiente progresivo,"Gobernadores, Diputados Federales, Senadores, Diputados Locales, Alcaldes",plaza amarilla,23,Econom칤a,Femenino,puebla,Ninguno,,propuesta,independiente,progresivo,independiente,pos,,
199,3,9/1/2017 15:44:26,Con encuestador,s칤,propuesta independiente progresivo,"Gobernadores, Diputados Federales, Senadores, Diputados Locales, Alcaldes",plaza amarilla,23,Econom칤a,Femenino,puebla,Ninguno,,propuesta,independiente,progresivo,progresivo,pos,,
200,1,9/1/2017 15:57:07,Con encuestador,s칤,candidato ine congreso,"Diputados Federales, Senadores",cafeteria,19,Econom칤a,Femenino,guerrero,Ninguno,,candidato,ine,congreso,candidato,-,,
200,2,9/1/2017 15:57:07,Con encuestador,s칤,candidato ine congreso,"Diputados Federales, Senadores",cafeteria,19,Econom칤a,Femenino,guerrero,Ninguno,,candidato,ine,congreso,INE,-,,
200,3,9/1/2017 15:57:07,Con encuestador,s칤,candidato ine congreso,"Diputados Federales, Senadores",cafeteria,19,Econom칤a,Femenino,guerrero,Ninguno,,candidato,ine,congreso,Congreso,-,,
201,1,9/1/2017 21:49:52,En l칤nea (solo),s칤,"meritocracia, continuidad, peligroso,",Diputados Locales,,22,Econom칤a,Femenino,DF,PAN,4,meritocracia,continuidad,peligroso,meritocracia,pos,,
201,2,9/1/2017 21:49:52,En l칤nea (solo),s칤,"meritocracia, continuidad, peligroso,",Diputados Locales,,22,Econom칤a,Femenino,DF,PAN,4,meritocracia,continuidad,peligroso,continuidad,pos,,
201,3,9/1/2017 21:49:52,En l칤nea (solo),s칤,"meritocracia, continuidad, peligroso,",Diputados Locales,,22,Econom칤a,Femenino,DF,PAN,4,meritocracia,continuidad,peligroso,peligroso,neg,,
202,1,9/1/2017 23:18:32,En l칤nea (solo),no,Dudosa intenci칩n ,Ninguno,,28,Derecho,Femenino,Quer칠taro,PAN,4,Dudosa intenci칩n ,,,Dudosa intenci칩n ,neg,,
203,1,9/2/2017 7:43:12,En l칤nea (solo),no,Por favor noooo,Ninguno,N/A,49,Otra,Femenino,Zacatecas,Ninguno,,Por favor noooo,,,jam치s/춰NO!/no por favor,neg,,
204,1,9/3/2017 18:22:39,En l칤nea (solo),s칤,Accountability ,"Diputados Federales, Diputados Locales",,21,Ciencia Pol칤tica,Masculino,CDMX,MORENA,3,Accountability ,,,rendici칩n de cuentas ,pos,,
205,1,9/3/2017 18:46:00,En l칤nea (solo),s칤,칄lites ,"Diputados Federales, Senadores, Diputados Locales, Alcaldes",Casa,22,Ciencia Pol칤tica,Masculino,Guerrero,MORENA,5,칄lites ,,,칠lite,neg,,
206,1,9/3/2017 18:54:53,En l칤nea (solo),s칤,Es lo mejor,Diputados Locales,,23,Ciencia Pol칤tica,Femenino,Sinaloa,PRI,2,Es lo mejor,,,deseable,pos,,
207,1,9/3/2017 19:53:25,Con encuestador,no,Presidente Madero sufragio,Ninguno,,25,Otra,Masculino,Ciudad de M칠xico,Ninguno,,Presidente,Madero,sufragio,presidente,-,,
207,2,9/3/2017 19:53:25,Con encuestador,no,Presidente Madero sufragio,Ninguno,,25,Otra,Masculino,Ciudad de M칠xico,Ninguno,,Presidente,Madero,sufragio,Madero,neg,,
207,3,9/3/2017 19:53:25,Con encuestador,no,Presidente Madero sufragio,Ninguno,,25,Otra,Masculino,Ciudad de M칠xico,Ninguno,,Presidente,Madero,sufragio,sufragio,pos,,
208,1,9/4/2017 13:54:19,En l칤nea (solo),s칤,"Legislativa, sufragio efectivo","Diputados Federales, Senadores",Sal칩n PF103,20,Relaciones Internacionales,Masculino,Veracruz,PAN,2,Legislativa,sufragio efectivo,,legislativo,-,,
208,2,9/4/2017 13:54:19,En l칤nea (solo),s칤,"Legislativa, sufragio efectivo","Diputados Federales, Senadores",Sal칩n PF103,20,Relaciones Internacionales,Masculino,Veracruz,PAN,2,Legislativa,sufragio efectivo,,sufragio efectivo,pos,,
209,1,9/4/2017 13:59:04,En l칤nea (solo),s칤,Ventajas y desventajas ,"Senadores, Diputados Locales",,21,"Derecho, Relaciones Internacionales",Femenino,M칠xico,Ninguno,,Ventajas,desventajas ,,ventajas,pos,,
209,2,9/4/2017 13:59:04,En l칤nea (solo),s칤,Ventajas y desventajas ,"Senadores, Diputados Locales",,21,"Derecho, Relaciones Internacionales",Femenino,M칠xico,Ninguno,,Ventajas,desventajas ,,desventajas ,pos,,
210,1,9/4/2017 17:40:44,En l칤nea (solo),s칤,porfiriato carrera profecionalizaci칩n,"Diputados Federales, Diputados Locales",sal칩n,23,Ciencia Pol칤tica,Femenino,veracruz,PAN,3,porfiriato,carrera,profecionalizaci칩n,Porfirio D칤az,neg,,
210,2,9/4/2017 17:40:44,En l칤nea (solo),s칤,porfiriato carrera profecionalizaci칩n,"Diputados Federales, Diputados Locales",sal칩n,23,Ciencia Pol칤tica,Femenino,veracruz,PAN,3,porfiriato,carrera,profecionalizaci칩n,carrera,pos,,
210,3,9/4/2017 17:40:44,En l칤nea (solo),s칤,porfiriato carrera profecionalizaci칩n,"Diputados Federales, Diputados Locales",sal칩n,23,Ciencia Pol칤tica,Femenino,veracruz,PAN,3,porfiriato,carrera,profecionalizaci칩n,profecionalizaci칩n,pos,,
211,1,9/4/2017 17:41:16,Con encuestador,s칤,madero diaz pri,Senadores,Salones,23,"Ciencia Pol칤tica, Relaciones Internacionales",Masculino,Estado de Mexico,Ninguno,,Madero,Diaz,PRI,Madero,neg,,
211,2,9/4/2017 17:41:16,Con encuestador,s칤,madero diaz pri,Senadores,Salones,23,"Ciencia Pol칤tica, Relaciones Internacionales",Masculino,Estado de Mexico,Ninguno,,Madero,Diaz,PRI,Porfirio D칤az,neg,,
211,3,9/4/2017 17:41:16,Con encuestador,s칤,madero diaz pri,Senadores,Salones,23,"Ciencia Pol칤tica, Relaciones Internacionales",Masculino,Estado de Mexico,Ninguno,,Madero,Diaz,PRI,PRI,neg,,
212,1,9/5/2017 8:34:02,En l칤nea (solo),s칤,Rendici칩n de cuentas,"Diputados Federales, Senadores, Diputados Locales, Alcaldes",sal칩n,24,Ciencia Pol칤tica,Masculino,cdmx,Ninguno,,Rendici칩n de cuentas,,,rendici칩n de cuentas ,pos,,
213,1,9/5/2017 8:57:54,En l칤nea (solo),s칤,Continuidad,"Diputados Federales, Senadores",Clase,23,Ciencia Pol칤tica,Femenino,Baja California,PRI,3,Continuidad,,,continuidad,pos,,
214,1,9/5/2017 8:58:24,En l칤nea (solo),s칤,Posible dictadura,"Diputados Federales, Senadores",,27,Ingenier칤a en Negocios,Femenino,CDMX,PAN,4,Posible dictadura,,,dictadura,pos,,
215,1,9/5/2017 8:59:18,Con encuestador,s칤,Sufragio efectivo ,"Diputados Federales, Senadores, Diputados Locales, Alcaldes",Plaza Roja,21,Ciencia Pol칤tica,Masculino,Ciudad de M칠xico,MORENA,4,Sufragio efectivo ,,,sufragio efectivo,pos,,
216,1,9/5/2017 9:21:54,En l칤nea (solo),s칤,Estados Unidos r,"Presidente, Gobernadores, Diputados Federales, Senadores, Diputados Locales, Alcaldes",,25,Econom칤a,Femenino,Ciudad de M칠xico ,Ninguno,,Estados Unidos,r,,EEUU,-,,
217,1,9/5/2017 9:38:47,En l칤nea (solo),s칤,Rendici칩n de cuentas,"Diputados Federales, Diputados Locales, Alcaldes",Centro de c칩mputo,24,Ciencia Pol칤tica,Masculino,Oaxaca,PAN,3,Rendici칩n de cuentas,,,rendici칩n de cuentas ,pos,,
218,1,9/5/2017 9:41:14,Con encuestador,s칤,Elegir misma persona,"Diputados Federales, Alcaldes",HCA,19,Econom칤a,Masculino,GUERRERO,PRI,3,Elegir misma persona,,,elegir,-,,
219,1,9/5/2017 9:44:07,En l칤nea (solo),s칤,ELEGIR IGUAL NUEVAMENTE,"Diputados Federales, Senadores, Diputados Locales",CC,21,"Direcci칩n Financiera, Econom칤a",Masculino,MORELOS,Ninguno,,ELEGIR,IGUAL,NUEVAMENTE,elegir,-,,
219,2,9/5/2017 9:44:07,En l칤nea (solo),s칤,ELEGIR IGUAL NUEVAMENTE,"Diputados Federales, Senadores, Diputados Locales",CC,21,"Direcci칩n Financiera, Econom칤a",Masculino,MORELOS,Ninguno,,ELEGIR,IGUAL,NUEVAMENTE,igual,neg,,
219,3,9/5/2017 9:44:07,En l칤nea (solo),s칤,ELEGIR IGUAL NUEVAMENTE,"Diputados Federales, Senadores, Diputados Locales",CC,21,"Direcci칩n Financiera, Econom칤a",Masculino,MORELOS,Ninguno,,ELEGIR,IGUAL,NUEVAMENTE,nuevamente,-,,
220,1,9/5/2017 9:47:44,Con encuestador,no,Continuidad,Senadores,Centro de computo,20,"Matem치ticas Aplicadas, Econom칤a",Femenino,Ciudad de Mexico,PAN,3,Continuidad,,,continuidad,pos,,
221,1,9/5/2017 9:51:57,Con encuestador,s칤,Complicado de implementar,"Diputados Locales, Alcaldes",Centro de C칩mputo,21,Derecho,Masculino,CDMX,PRI,3,Complicado de implementar,,,es complicado,neg,,
222,1,9/5/2017 9:56:41,Con encuestador,s칤,REFORMA LEY CONGRESO,"Diputados Federales, Senadores",CC,21,Ingenier칤a Industrial,Masculino,VERACRUZ,Ninguno,5,REFORMA,LEY,CONGRESO,reforma pol칤tica,-,,
222,2,9/5/2017 9:56:41,Con encuestador,s칤,REFORMA LEY CONGRESO,"Diputados Federales, Senadores",CC,21,Ingenier칤a Industrial,Masculino,VERACRUZ,Ninguno,5,REFORMA,LEY,CONGRESO,ley,-,,
222,3,9/5/2017 9:56:41,Con encuestador,s칤,REFORMA LEY CONGRESO,"Diputados Federales, Senadores",CC,21,Ingenier칤a Industrial,Masculino,VERACRUZ,Ninguno,5,REFORMA,LEY,CONGRESO,Congreso,-,,
223,1,9/5/2017 9:57:59,Con encuestador,s칤,REVOLUCI칍N MADERO PORFIRIO,"Diputados Federales, Diputados Locales",CC,21,Actuar칤a,Masculino,VERACRUZ,Ninguno,3,REVOLUCI칍N,MADERO,PORFIRIO,Revoluci칩n,neg,,
223,2,9/5/2017 9:57:59,Con encuestador,s칤,REVOLUCI칍N MADERO PORFIRIO,"Diputados Federales, Diputados Locales",CC,21,Actuar칤a,Masculino,VERACRUZ,Ninguno,3,REVOLUCI칍N,MADERO,PORFIRIO,Madero,neg,,
223,3,9/5/2017 9:57:59,Con encuestador,s칤,REVOLUCI칍N MADERO PORFIRIO,"Diputados Federales, Diputados Locales",CC,21,Actuar칤a,Masculino,VERACRUZ,Ninguno,3,REVOLUCI칍N,MADERO,PORFIRIO,Porfirio D칤az,neg,,
224,1,9/5/2017 11:04:44,En l칤nea (solo),s칤,Positiva Accountability Continuaci칩n,"Diputados Federales, Diputados Locales, Alcaldes",,23,Ciencia Pol칤tica,Femenino,CDMX,Ninguno,,Positiva,Accountability,Continuaci칩n,positiva,pos,,
224,2,9/5/2017 11:04:44,En l칤nea (solo),s칤,Positiva Accountability Continuaci칩n,"Diputados Federales, Diputados Locales, Alcaldes",,23,Ciencia Pol칤tica,Femenino,CDMX,Ninguno,,Positiva,Accountability,Continuaci칩n,rendici칩n de cuentas ,pos,,
224,3,9/5/2017 11:04:44,En l칤nea (solo),s칤,Positiva Accountability Continuaci칩n,"Diputados Federales, Diputados Locales, Alcaldes",,23,Ciencia Pol칤tica,Femenino,CDMX,Ninguno,,Positiva,Accountability,Continuaci칩n,continuidad,pos,,
225,1,9/5/2017 11:10:35,En l칤nea (solo),no,Lo mismo,No s칠,,23,Otra,Femenino,Estado de M칠xico,MORENA,4,Lo mismo,,,lo mismo,neg,,
226,1,9/5/2017 11:52:09,En l칤nea (solo),s칤,Rendici칩n de cuentas,"Gobernadores, Diputados Federales, Diputados Locales, Alcaldes",,21,Ciencia Pol칤tica,Femenino,Cdmx,Ninguno,,Rendici칩n de cuentas,,,rendici칩n de cuentas ,pos,,
227,1,9/5/2017 13:24:14,En l칤nea (solo),s칤,"functionamiento democratico, derecho fundamental, deber del ciudadano",Ni idea....Im no mexican though,,21,Ciencia Pol칤tica,Masculino,damn ..No se lo que procedencia es,PRD,4,functionamiento democratico,derecho fundamental,deber del ciudadano,democracia,pos,,
227,2,9/5/2017 13:24:14,En l칤nea (solo),s칤,"functionamiento democratico, derecho fundamental, deber del ciudadano",Ni idea....Im no mexican though,,21,Ciencia Pol칤tica,Masculino,damn ..No se lo que procedencia es,PRD,4,functionamiento democratico,derecho fundamental,deber del ciudadano,un derecho,pos,,
227,3,9/5/2017 13:24:14,En l칤nea (solo),s칤,"functionamiento democratico, derecho fundamental, deber del ciudadano",Ni idea....Im no mexican though,,21,Ciencia Pol칤tica,Masculino,damn ..No se lo que procedencia es,PRD,4,functionamiento democratico,derecho fundamental,deber del ciudadano,deber del ciudadano,pos,,
228,1,9/5/2017 13:27:09,En l칤nea (solo),s칤,Reforma electoral 2014,"Diputados Federales, Senadores, Diputados Locales",,23,Derecho,Femenino,CMDX,PAN,4,Reforma electoral 2014,,,reforma pol칤tica,-,,
229,1,9/6/2017 0:21:12,En l칤nea (solo),s칤,Grilla ,No s칠,,22,Direcci칩n Financiera,Femenino,CDMX,Ninguno,,Grilla ,,,grilla,neg,,
230,1,9/6/2017 12:09:55,En l칤nea (solo),s칤,Corrupcion,Diputados Locales,,23,Administraci칩n de Empresas,Masculino,Cdmx,PAN,2,Corrupcion,,,corrupci칩n,neg,,
231,1,9/6/2017 14:59:31,En l칤nea (solo),s칤,Votaciones. Mismo candidato.,"Diputados Federales, Diputados Locales",,21,Contadur칤a,Masculino,CDMX,PAN,4,Votaciones,Mismo candidato,,voto,pos,,
231,2,9/6/2017 14:59:31,En l칤nea (solo),s칤,Votaciones. Mismo candidato.,"Diputados Federales, Diputados Locales",,21,Contadur칤a,Masculino,CDMX,PAN,4,Votaciones,Mismo candidato,,misma persona,-,,
232,1,9/7/2017 9:29:28,En l칤nea (solo),s칤,"Madero, porfirio ","Diputados Federales, Alcaldes",,23,Econom칤a,Masculino,Ciudad de M칠xico ,PAN,2,Madero,Porfirio ,,Madero,neg,,
232,2,9/7/2017 9:29:28,En l칤nea (solo),s칤,"Madero, porfirio ","Diputados Federales, Alcaldes",,23,Econom칤a,Masculino,Ciudad de M칠xico ,PAN,2,Madero,Porfirio ,,Porfirio D칤az,neg,,
233,1,9/7/2017 9:32:19,En l칤nea (solo),s칤,Depende de qui칠n,No s칠,,22,Actuar칤a,Masculino,Veracruz,PAN,3,Depende de qui칠n,,,depende ,neg,,
234,1,9/7/2017 10:13:51,En l칤nea (solo),s칤,Pensar ,No s칠,,23,"Matem치ticas Aplicadas, Actuar칤a",Masculino,Cdmx,Ninguno,,Pensar ,,,pensar,pos,,
235,1,9/7/2017 11:22:35,En l칤nea (solo),s칤,"Continuidad, eficiencia, resultados ","Diputados Federales, Senadores, Diputados Locales, Alcaldes",,20,Ciencia Pol칤tica,Masculino,CDMX ,PRI,4,Continuidad,eficiencia,resultados ,continuidad,pos,,
235,2,9/7/2017 11:22:35,En l칤nea (solo),s칤,"Continuidad, eficiencia, resultados ","Diputados Federales, Senadores, Diputados Locales, Alcaldes",,20,Ciencia Pol칤tica,Masculino,CDMX ,PRI,4,Continuidad,eficiencia,resultados ,eficiente,pos,,
235,3,9/7/2017 11:22:35,En l칤nea (solo),s칤,"Continuidad, eficiencia, resultados ","Diputados Federales, Senadores, Diputados Locales, Alcaldes",,20,Ciencia Pol칤tica,Masculino,CDMX ,PRI,4,Continuidad,eficiencia,resultados ,resultados ,pos,,
236,1,9/7/2017 11:26:28,En l칤nea (solo),no,congreso accountability,Ninguno,,26,Ciencia Pol칤tica,Femenino,Ciudad de M칠xico,Ninguno,,congreso,accountability,,Congreso,-,,
236,2,9/7/2017 11:26:28,En l칤nea (solo),no,congreso accountability,Ninguno,,26,Ciencia Pol칤tica,Femenino,Ciudad de M칠xico,Ninguno,,congreso,accountability,,rendici칩n de cuentas ,pos,,
